,Team,Name,Age,Height,Weight,WAR,BMI,Position
0,ARI,Nick Ahmed,29,74,195,4.3,25.033783783783782,SS
1,ARI,Abraham Almonte,30,69,210,0.6,31.008191556395715,RF
2,ARI,Matt Andriese,29,74,225,-0.1,28.885135135135137,P
3,ARI,Alex Avila,32,71,210,1.4,29.28585598095616,C
4,ARI,Archie Bradley,26,76,225,0.9,27.38486842105263,P
5,ARI,Andrew Chafin,29,74,225,0.7,28.885135135135137,P
6,ARI,Taylor Clarke,26,76,200,-0.2,24.342105263157894,P
7,ARI,Stefan Crichton,27,75,200,0.3,24.995555555555555,P
8,ARI,Kevin Cron,26,77,250,0.1,29.64243548659133,1B
9,ARI,Jon Duplantier,24,76,225,0.2,27.38486842105263,P
10,ARI,Jarrod Dyson,34,69,165,1.4,24.363579080025204,CF
11,ARI,Eduardo Escobar,30,70,185,3.6,26.541836734693877,3B
12,ARI,Wilmer Flores,27,75,205,0.9,25.620444444444445,2B
13,ARI,Zac Gallen,23,74,191,1.2,24.52027027027027,P
14,ARI,Kevin Ginkel,25,76,210,0.7,25.55921052631579,P
15,ARI,Zack Godley,29,75,240,-1.0,29.994666666666667,P
16,ARI,Zack Greinke,35,74,200,4.9,25.675675675675677,P
17,ARI,Yoshihisa Hirano,35,73,185,-0.4,24.40514167761306,P
18,ARI,Greg Holland,33,70,205,0.0,29.41122448979592,P
19,ARI,Adam Jones,33,74,215,-0.6,27.60135135135135,RF
20,ARI,Caleb Joseph,33,75,180,0.0,22.496,C
21,ARI,Carson Kelly,24,74,220,1.7,28.243243243243242,C
22,ARI,Merrill Kelly,30,74,190,0.4,24.39189189189189,P
23,ARI,Matt Koch,28,75,215,-0.6,26.87022222222222,P
24,ARI,Jake Lamb,28,75,215,0.2,26.87022222222222,3B
25,ARI,Mike Leake,31,70,170,-0.6,24.389795918367348,P
26,ARI,Domingo Leyba,23,71,160,0.2,22.31303312834755,2B
27,ARI,Tim Locastro,26,73,200,0.8,26.383936948770877,LF
28,ARI,Yoan López,26,75,185,0.5,23.12088888888889,P
29,ARI,Ketel Marte,25,73,165,7.2,21.76674798273597,CF
30,ARI,T.J. McFarland,30,75,220,-0.7,27.49511111111111,P
31,ARI,John Ryan Murphy,28,71,205,-0.1,28.5885736956953,C
32,ARI,Joel Payamps,25,74,200,0.0,25.675675675675677,P
33,ARI,David Peralta,31,73,210,1.9,27.70313379620942,LF
34,ARI,Robbie Ray,27,74,195,0.8,25.033783783783782,P
35,ARI,Josh Rojas,25,73,185,-0.1,24.40514167761306,LF
36,ARI,Robby Scott,29,75,220,0.0,27.49511111111111,P
37,ARI,James Sherfy,27,72,175,-0.3,23.73167438271605,P
38,ARI,Blake Swihart,27,73,200,-0.9,26.383936948770877,LF
39,ARI,Yasmany Tomás,28,74,250,-0.2,32.0945945945946,
40,ARI,Ildemaro Vargas,27,72,170,0.7,23.053626543209877,2B
41,ARI,Christian Walker,28,72,220,3.0,29.834104938271604,1B
42,ARI,Taijuan Walker,26,76,235,0.1,28.601973684210527,P
43,ARI,Luke Weaver,25,74,170,1.6,21.824324324324323,P
44,ARI,Alex Young,25,74,205,0.4,26.31756756756757,P
45,ATL,Ronald Acuna Jr.,21,72,180,5.7,24.40972222222222,CF
46,ATL,Ozzie Albies,22,68,165,5.2,25.085423875432525,2B
47,ATL,Jesse Biddle,27,77,220,-0.3,26.085343228200372,P
48,ATL,Jerry Blevins,35,78,190,0.3,21.9543063773833,P
49,ATL,Johan Camargo,25,72,195,-0.6,26.44386574074074,SS
50,ATL,Shane Carle,27,76,210,-0.4,25.55921052631579,P
51,ATL,Francisco Cervelli,33,73,210,0.4,27.70313379620942,C
52,ATL,Charlie Culberson,30,72,200,0.1,27.121913580246915,LF
53,ATL,Grant Dayton,31,74,210,0.2,26.95945945945946,P
54,ATL,Josh Donaldson,33,73,210,6.0,27.70313379620942,3B
55,ATL,Adam Duvall,30,73,215,0.6,28.36273221992869,LF
56,ATL,Tyler Flowers,33,76,260,-0.3,31.644736842105264,C
57,ATL,Mike Foltynewicz,27,76,200,0.5,24.342105263157894,P
58,ATL,Freddie Freeman,29,77,220,4.0,26.085343228200372,1B
59,ATL,Max Fried,25,76,190,3.0,23.125,P
60,ATL,Kevin Gausman,28,75,190,-1.2,23.74577777777778,P
61,ATL,Shane Greene,30,76,197,0.3,23.976973684210527,P
62,ATL,Billy Hamilton,28,72,160,-0.2,21.69753086419753,CF
63,ATL,Adeiny Hechavarria,30,72,195,1.1,26.44386574074074,SS
64,ATL,Ender Inciarte,28,71,190,0.6,26.496726839912714,CF
65,ATL,Alex Jackson,23,74,215,-0.3,27.60135135135135,C
66,ATL,Luke Jackson,27,74,210,0.7,26.95945945945946,P
67,ATL,Matthew Joyce,34,74,200,0.7,25.675675675675677,RF
68,ATL,Dallas Keuchel,31,75,205,2.0,25.620444444444445,P
69,ATL,Nick Markakis,35,73,210,1.0,27.70313379620942,RF
70,ATL,Chris Martin,33,80,215,0.0,23.61640625,P
71,ATL,Brian McCann,35,75,225,0.2,28.12,C
72,ATL,Mark Melancon,34,74,215,0.3,27.60135135135135,P
73,ATL,A.J. Minter,25,72,215,-0.8,29.156057098765434,P
74,ATL,John Ryan Murphy,28,71,205,0.0,28.5885736956953,C
75,ATL,Sean Newcomb,26,77,255,1.1,30.235284196323157,P
76,ATL,Darren O'Day,36,76,220,0.2,26.776315789473685,P
77,ATL,Rafael Ortega,28,71,160,-0.3,22.31303312834755,LF
78,ATL,Wes Parsons,26,77,204,0.2,24.188227357058526,P
79,ATL,Austin Riley,22,75,220,0.1,27.49511111111111,LF
80,ATL,Chad Sobotka,25,79,225,-0.5,25.34449607434706,P
81,ATL,Mike Soroka,21,77,225,5.5,26.678191937932198,P
82,ATL,Dansby Swanson,25,73,190,1.5,25.064740101332333,SS
83,ATL,Anthony Swarzak,33,76,215,0.4,26.167763157894736,P
84,ATL,Julio Teheran,28,74,205,2.5,26.31756756756757,P
85,ATL,Josh Tomlin,34,73,190,1.0,25.064740101332333,P
86,ATL,Touki Toussaint,23,75,185,-0.5,23.12088888888889,P
87,ATL,Jonny Venters,34,75,200,-0.9,24.995555555555555,P
88,ATL,Arodys Vizcaino,28,72,245,0.1,33.22434413580247,P
89,ATL,Jeremy Walker,24,77,205,0.2,24.306797099004893,P
90,ATL,Jacob Webb,25,73,200,0.8,26.383936948770877,P
91,ATL,Bryse Wilson,21,73,225,-0.4,29.681929067367236,P
92,ATL,Dan Winkler,29,75,205,-0.3,25.620444444444445,P
93,ATL,Kyle Wright,23,76,200,-0.6,24.342105263157894,P
94,ATL,Huascar Ynoa,21,75,175,-0.2,21.871111111111112,P
95,BAL,Hanser Alberto,26,71,215,2.9,29.983138266217022,2B
96,BAL,Pedro Araujo,25,75,215,-0.1,26.87022222222222,P
97,BAL,Shawn Armstrong,28,74,225,0.4,28.885135135135137,P
98,BAL,Ty Blach,28,73,213,-0.8,28.098892850440983,P
99,BAL,Richard Bleier,32,75,215,0.4,26.87022222222222,P
100,BAL,Aaron Brooks,29,76,230,0.0,27.99342105263158,P
101,BAL,Keon Broxton,29,75,195,0.0,24.370666666666665,CF
102,BAL,Dylan Bundy,26,73,200,2.5,26.383936948770877,P
103,BAL,Andrew Cashner,32,78,235,2.8,27.154010519395136,P
104,BAL,Miguel Castro,24,79,205,0.7,23.091651978849544,P
105,BAL,Alex Cobb,31,75,205,-0.4,25.620444444444445,P
106,BAL,Chris Davis,33,75,230,-1.2,28.744888888888887,1B
107,BAL,Ryan Eades,27,74,210,0.2,26.95945945945946,P
108,BAL,Tom Eshelman,25,75,210,-0.4,26.245333333333335,P
109,BAL,Paul Fry,26,72,190,-0.1,25.765817901234566,P
110,BAL,Sean Gilmartin,29,74,205,-0.2,26.31756756756757,P
111,BAL,Mychal Givens,29,72,210,0.7,28.47800925925926,P
112,BAL,Hunter Harvey,24,75,175,0.3,21.871111111111112,P
113,BAL,Austin Hays,23,73,195,0.7,25.724338525051603,CF
114,BAL,David Hess,25,73,215,-1.0,28.36273221992869,P
115,BAL,Drew Jackson,25,74,200,0.0,25.675675675675677,CF
116,BAL,Nate Karns,31,75,225,0.3,28.12,P
117,BAL,Branden Kline,27,75,210,0.0,26.245333333333335,P
118,BAL,Josh Lucas,28,78,185,0.0,21.37656147271532,P
119,BAL,Trey Mancini,27,76,215,3.5,26.167763157894736,RF
120,BAL,Richie Martin,24,71,190,-1.3,26.496726839912714,SS
121,BAL,John Means,26,75,230,5.0,28.744888888888887,P
122,BAL,Cedric Mullins,24,68,175,-0.7,26.60575259515571,CF
123,BAL,Renato Nunez,25,73,220,0.4,29.022330643647965,1B
124,BAL,Luis Ortiz,23,75,230,-0.1,28.744888888888887,P
125,BAL,Jace Peterson,29,72,215,0.1,29.156057098765434,LF
126,BAL,Evan Phillips,24,74,215,-0.1,27.60135135135135,P
127,BAL,Yefry Ramirez,25,74,215,-0.2,27.60135135135135,P
128,BAL,Joey Rickard,28,73,185,0.5,24.40514167761306,RF
129,BAL,Josh Rogers,24,75,220,-0.2,27.49511111111111,P
130,BAL,Jose Rondon,25,73,195,0.0,25.724338525051603,3B
131,BAL,Rio Ruiz,25,73,215,-0.2,28.36273221992869,3B
132,BAL,Anthony Santander,24,74,190,1.4,24.39189189189189,RF
133,BAL,Tanner Scott,24,74,220,0.1,28.243243243243242,P
134,BAL,Tayler Scott,27,75,185,-0.5,23.12088888888889,P
135,BAL,Pedro Severino,25,73,219,1.0,28.89041095890411,C
136,BAL,Chandler Shepherd,26,75,185,-0.1,23.12088888888889,P
137,BAL,Chance Sisco,24,74,195,0.0,25.033783783783782,C
138,BAL,Dwight Smith Jr.,26,72,210,-0.8,28.47800925925926,LF
139,BAL,DJ Stewart,25,72,230,-0.4,31.19020061728395,RF
140,BAL,Dan Straily,30,74,220,-1.3,28.243243243243242,P
141,BAL,Jesus Sucre,31,72,200,-0.1,27.121913580246915,C
142,BAL,Dillon Tate,25,74,195,-0.2,25.033783783783782,P
143,BAL,Mark Trumbo,33,76,225,-0.3,27.38486842105263,
144,BAL,Jonathan Villar,28,73,215,3.9,28.36273221992869,2B
145,BAL,Stevie Wilkerson,27,73,195,-0.8,25.724338525051603,CF
146,BAL,Mason Williams,27,73,195,-0.1,25.724338525051603,CF
147,BAL,Asher Wojciechowski,30,76,235,1.5,28.601973684210527,P
148,BAL,Matt Wotherspoon,27,74,215,-0.4,27.60135135135135,P
149,BAL,Mike Wright,29,78,215,-0.3,24.843030900723207,P
150,BAL,Austin Wynns,28,74,205,0.3,26.31756756756757,C
151,BAL,Jimmy Yacabonis,27,75,205,-0.3,25.620444444444445,P
152,BAL,Gabriel Ynoa,26,74,205,0.2,26.31756756756757,P
153,BOS,Matt Barnes,29,76,210,1.3,25.55921052631579,P
154,BOS,Andrew Benintendi,24,70,170,1.8,24.389795918367348,LF
155,BOS,Mookie Betts,26,69,180,6.9,26.578449905482042,RF
156,BOS,Xander Bogaerts,26,73,210,5.9,27.70313379620942,SS
157,BOS,Jackie Bradley Jr.,29,70,200,1.9,28.693877551020407,CF
158,BOS,Ryan Brasier,31,72,225,0.2,30.51215277777778,P
159,BOS,Colten Brewer,26,76,230,0.9,27.99342105263158,P
160,BOS,Andrew Cashner,32,78,235,-0.2,27.154010519395136,P
161,BOS,Juan Centeno,29,69,195,-0.1,28.793320730938877,C
162,BOS,Jhoulys Chacin,31,75,215,-0.2,26.87022222222222,P
163,BOS,Michael Chavis,23,70,216,0.6,30.98938775510204,1B
164,BOS,Rafael Devers,22,72,237,4.9,32.139467592592595,3B
165,BOS,Nathan Eovaldi,29,74,225,0.0,28.885135135135137,P
166,BOS,Heath Hembree,30,76,210,0.5,25.55921052631579,P
167,BOS,Darwinzon Hernandez,22,74,245,0.2,31.4527027027027,P
168,BOS,Gorkys Hernandez,31,73,196,-0.5,25.85625820979546,RF
169,BOS,Marco Hernandez,26,72,200,-0.1,27.121913580246915,2B
170,BOS,Brock Holt,31,70,180,1.4,25.824489795918367,2B
171,BOS,Brian Johnson,28,76,235,-0.2,28.601973684210527,P
172,BOS,Trevor Kelley,25,74,210,-0.3,26.95945945945946,P
173,BOS,Travis Lakins,25,73,180,0.4,23.74554325389379,P
174,BOS,Sandy Leon,30,70,225,-0.6,32.28061224489796,C
175,BOS,Tzu-Wei Lin,25,69,155,0.0,22.886998529720646,2B
176,BOS,J.D. Martinez,31,75,220,3.4,27.49511111111111,RF
177,BOS,Mitch Moreland,33,74,230,1.2,29.527027027027028,1B
178,BOS,Eduardo Nunez,32,72,195,-1.6,26.44386574074074,2B
179,BOS,Chris Owings,27,70,185,-0.1,26.541836734693877,2B
180,BOS,Steve Pearce,36,71,200,-0.6,27.891291410434437,1B
181,BOS,Dustin Pedroia,35,69,175,-0.6,25.84015963032976,2B
182,BOS,Rick Porcello,30,77,205,1.1,24.306797099004893,P
183,BOS,Bobby Poyner,26,72,205,-0.1,27.799961419753085,P
184,BOS,David Price,33,77,215,1.8,25.492494518468543,P
185,BOS,Erasmo Ramirez,29,70,215,-0.1,30.84591836734694,P
186,BOS,Eduardo Rodriguez,26,74,220,5.9,28.243243243243242,P
187,BOS,Chris Sale,30,78,180,2.4,20.798816568047336,P
188,BOS,Mike Shawaryn,24,74,200,-0.6,25.675675675675677,P
189,BOS,Josh Smith,31,74,220,0.0,28.243243243243242,P
190,BOS,Blake Swihart,27,73,200,0.0,26.383936948770877,C
191,BOS,Josh Taylor,26,77,225,1.4,26.678191937932198,P
192,BOS,Tyler Thornburg,30,71,190,-0.2,26.496726839912714,P
193,BOS,Sam Travis,25,72,205,-0.7,27.799961419753085,1B
194,BOS,Christian Vazquez,28,69,195,2.3,28.793320730938877,C
195,BOS,Hector Velazquez,30,72,180,-0.1,24.40972222222222,P
196,BOS,Marcus Walden,30,72,195,1.2,26.44386574074074,P
197,BOS,Ryan Weber,28,73,180,0.2,23.74554325389379,P
198,BOS,Brandon Workman,30,77,235,3.2,27.863889357395852,P
199,BOS,Steven Wright,34,74,215,-0.1,27.60135135135135,P
200,CHC,Jim Adduci,34,74,210,0.0,26.95945945945946,RF
201,CHC,Albert Almora,25,74,190,-1.0,24.39189189189189,CF
202,CHC,Adbert Alzolay,24,72,179,-0.2,24.274112654320987,P
203,CHC,Javier Baez,26,72,190,6.0,25.765817901234566,SS
204,CHC,Tony Barnette,35,73,190,0.0,25.064740101332333,P
205,CHC,David Bote,26,73,210,1.6,27.70313379620942,3B
206,CHC,Brad Brach,33,78,215,-0.3,24.843030900723207,P
207,CHC,Kris Bryant,27,77,230,3.7,27.271040647664023,3B
208,CHC,Victor Caratini,25,73,215,0.9,28.36273221992869,C
209,CHC,Nicholas Castellanos,27,76,203,1.5,24.707236842105264,RF
210,CHC,Xavier Cedeno,32,71,210,0.2,29.28585598095616,P
211,CHC,Tyler Chatwood,29,72,185,1.6,25.087770061728396,P
212,CHC,Steve Cishek,33,78,215,1.9,24.843030900723207,P
213,CHC,Tim Collins,29,67,170,0.2,26.62285586990421,P
214,CHC,Willson Contreras,27,73,210,3.1,27.70313379620942,C
215,CHC,Yu Darvish,32,77,220,3.3,26.085343228200372,P
216,CHC,Taylor Davis,29,70,200,-0.1,28.693877551020407,C
217,CHC,Daniel Descalso,32,70,190,-1.1,27.259183673469387,2B
218,CHC,Carl Edwards Jr.,27,75,170,-0.2,21.246222222222222,P
219,CHC,Robel Garcia,26,72,168,0.0,22.78240740740741,2B
220,CHC,Carlos Gonzalez,33,73,220,-0.5,29.022330643647965,RF
221,CHC,Cole Hamels,35,76,205,3.2,24.950657894736842,P
222,CHC,Ian Happ,24,72,205,1.0,27.799961419753085,LF
223,CHC,Kyle Hendricks,29,75,190,4.1,23.74577777777778,P
224,CHC,Jason Heyward,29,77,240,1.9,28.456738067127677,RF
225,CHC,Nico Hoerner,22,71,200,0.1,27.891291410434437,SS
226,CHC,Derek Holland,32,74,213,-0.2,27.344594594594593,P
227,CHC,Danny Hultzen,29,75,210,0.2,26.245333333333335,P
228,CHC,Tony Kemp,27,66,165,-0.1,26.62878787878788,2B
229,CHC,Craig Kimbrel,31,72,210,-0.5,28.47800925925926,P
230,CHC,Brandon Kintzler,34,72,194,1.8,26.308256172839506,P
231,CHC,Jon Lester,35,76,240,1.9,29.210526315789473,P
232,CHC,Jonathan Lucroy,33,72,200,-0.4,27.121913580246915,C
233,CHC,Martin Maldonado,32,72,230,-0.4,31.19020061728395,C
234,CHC,Dillon Maples,27,74,230,0.0,29.527027027027028,P
235,CHC,Alec Mills,27,76,190,1.0,23.125,P
236,CHC,Mike Montgomery,29,77,215,-0.2,25.492494518468543,P
237,CHC,James Norwood,25,74,215,0.1,27.60135135135135,P
238,CHC,David Phelps,32,75,200,0.4,24.995555555555555,P
239,CHC,Jose Quintana,30,73,220,1.0,29.022330643647965,P
240,CHC,Anthony Rizzo,29,75,240,3.8,29.994666666666667,1B
241,CHC,Randy Rosario,25,73,200,-0.1,26.383936948770877,P
242,CHC,Addison Russell,25,72,200,0.2,27.121913580246915,2B
243,CHC,Kyle Ryan,27,77,215,1.2,25.492494518468543,P
244,CHC,Kyle Schwarber,26,72,235,2.1,31.868248456790123,LF
245,CHC,Pedro Strop,34,73,220,0.1,29.022330643647965,P
246,CHC,Duane Underwood Jr.,24,74,210,0.0,26.95945945945946,P
247,CHC,Allen Webster,29,74,200,0.0,25.675675675675677,P
248,CHC,Rowan Wick,26,75,235,0.6,29.369777777777777,P
249,CHC,Brad Wieck,27,81,255,0.2,27.3228166438043,P
250,CHC,Mark Zagunis,26,72,215,-0.2,29.156057098765434,RF
251,CHC,Ben Zobrist,38,75,210,-0.3,26.245333333333335,2B
252,CHW,José Abreu,32,75,255,2.0,31.869333333333334,1B
253,CHW,Yonder Alonso,32,73,230,-1.0,30.34152749108651,1B
254,CHW,Tim Anderson,26,73,185,3.7,24.40514167761306,SS
255,CHW,Manny Banuelos,28,70,215,-0.4,30.84591836734694,P
256,CHW,Aaron Bummer,25,75,200,2.9,24.995555555555555,P
257,CHW,Ryan Burr,25,76,225,0.0,27.38486842105263,P
258,CHW,Welington Castillo,32,70,220,-0.2,31.56326530612245,C
259,CHW,Dylan Cease,23,74,190,-0.1,24.39189189189189,P
260,CHW,Zack Collins,24,75,220,-0.2,27.49511111111111,C
261,CHW,Alex Colome,30,73,220,1.1,29.022330643647965,P
262,CHW,Ryan Cordell,27,76,195,-0.6,23.73355263157895,RF
263,CHW,Jimmy Cordero,27,76,222,1.1,27.019736842105264,P
264,CHW,Dylan Covey,27,73,220,-1.2,29.022330643647965,P
265,CHW,Nicky Delmonico,26,75,230,-0.5,28.744888888888887,LF
266,CHW,Odrisamer Despaigne,32,72,200,-0.3,27.121913580246915,P
267,CHW,Ross Detwiler,33,77,210,-0.5,24.899645808736718,P
268,CHW,Adam Engel,27,74,210,0.6,26.95945945945946,CF
269,CHW,Caleb Frare,25,73,210,-0.1,27.70313379620942,P
270,CHW,Jace Fry,25,73,190,0.2,25.064740101332333,P
271,CHW,Carson Fulmer,25,72,195,-0.4,26.44386574074074,P
272,CHW,Leury Garcia,28,68,180,1.3,27.3659169550173,CF
273,CHW,Lucas Giolito,24,78,245,5.7,28.309500328731097,P
274,CHW,Ryan Goins,31,70,180,-0.1,25.824489795918367,3B
275,CHW,Kelvin Herrera,29,70,200,-0.4,28.693877551020407,P
276,CHW,Jon Jay,34,71,195,-0.8,27.194009125173576,RF
277,CHW,Eloy Jimenez,22,76,205,1.5,24.950657894736842,LF
278,CHW,Nate Jones,33,77,220,0.2,26.085343228200372,P
279,CHW,Reynaldo Lopez,25,73,200,0.6,26.383936948770877,P
280,CHW,Evan Marshall,29,74,225,1.8,28.885135135135137,P
281,CHW,James McCann,29,75,225,3.7,28.12,C
282,CHW,Danny Mendick,25,70,189,0.5,27.115714285714287,SS
283,CHW,Juan Minaya,28,76,210,0.4,25.55921052631579,P
284,CHW,Yoan Moncada,24,74,205,4.8,26.31756756756757,3B
285,CHW,Ivan Nova,32,77,250,2.2,29.64243548659133,P
286,CHW,Josh Osich,30,75,232,0.5,28.994844444444446,P
287,CHW,Daniel Palka,27,74,220,-1.4,28.243243243243242,RF
288,CHW,AJ Reed,26,76,275,-0.6,33.4703947368421,1B
289,CHW,Carlos Rodon,26,75,235,0.1,29.369777777777777,P
290,CHW,Jose Rondon,25,73,195,-0.7,25.724338525051603,2B
291,CHW,Jose Ruiz,24,73,190,-0.1,25.064740101332333,P
292,CHW,Yolmer Sanchez,27,71,185,1.3,25.799444554651856,2B
293,CHW,Ervin Santana,36,74,175,-0.4,22.466216216216218,P
294,CHW,Hector Santiago,31,72,215,-0.2,29.156057098765434,P
295,CHW,Matt Skole,29,76,220,-0.6,26.776315789473685,1B
296,CHW,Charlie Tilson,26,72,185,-0.8,25.087770061728396,RF
297,CHW,Thyago Vieira,25,74,210,-0.2,26.95945945945946,P
298,CHW,Seby Zavala,25,71,215,-0.2,29.983138266217022,C
299,CIN,R.J. Alaniz,28,76,219,0.0,26.654605263157894,P
300,CIN,Aristides Aquino,25,76,220,1.4,26.776315789473685,RF
301,CIN,Tucker Barnhart,28,71,192,0.6,26.77563975401706,C
302,CIN,Trevor Bauer,28,73,205,-0.5,27.043535372490147,P
303,CIN,Alex Blandino,26,72,190,0.1,25.765817901234566,2B
304,CIN,Matt Bowman,28,72,185,0.3,25.087770061728396,P
305,CIN,Curt Casali,30,75,225,1.2,28.12,C
306,CIN,Luis Castillo,26,74,190,4.2,24.39189189189189,P
307,CIN,Christian Colon,30,70,195,0.2,27.976530612244897,2B
308,CIN,Anthony DeSclafani,29,73,195,2.5,25.724338525051603,P
309,CIN,Derek Dietrich,29,72,205,1.0,27.799961419753085,2B
310,CIN,Zach Duke,36,74,210,0.0,26.95945945945946,P
311,CIN,Phil Ervin,26,70,207,1.0,29.69816326530612,LF
312,CIN,Kyle Farmer,28,72,214,0.5,29.020447530864196,2B
313,CIN,Freddy Galvis,29,70,185,0.2,26.541836734693877,2B
314,CIN,Amir Garrett,27,77,228,1.2,27.033901163771294,P
315,CIN,Kevin Gausman,28,75,190,0.2,23.74577777777778,P
316,CIN,Scooter Gennett,29,70,185,-0.9,26.541836734693877,2B
317,CIN,Juan Graterol,30,73,205,-0.2,27.043535372490147,C
318,CIN,Sonny Gray,29,70,192,5.6,27.54612244897959,P
319,CIN,Jimmy Herget,25,75,170,0.1,21.246222222222222,P
320,CIN,David Hernandez,34,75,245,-1.9,30.619555555555557,P
321,CIN,Jared Hughes,33,79,240,0.0,27.034129145970198,P
322,CIN,José Iglesias,29,71,194,1.4,27.054552668121403,SS
323,CIN,Raisel Iglesias,29,74,188,0.7,24.135135135135137,P
324,CIN,Matt Kemp,34,76,225,-0.9,27.38486842105263,LF
325,CIN,Joel Kuhnel,24,77,260,0.0,30.828132906054982,P
326,CIN,Ryan Lavarnway,31,76,240,0.2,29.210526315789473,C
327,CIN,Michael Lorenzen,27,75,217,2.4,27.120177777777776,P
328,CIN,Tyler Mahle,24,75,210,-0.2,26.245333333333335,P
329,CIN,Keury Mella,25,74,200,-0.1,25.675675675675677,P
330,CIN,Brian O'Grady,27,74,215,0.0,27.60135135135135,CF
331,CIN,Wandy Peralta,27,72,220,-0.3,29.834104938271604,P
332,CIN,Jose Peraza,25,72,196,-0.9,26.579475308641975,2B
333,CIN,Yasiel Puig,28,74,240,0.9,30.81081081081081,RF
334,CIN,Cody Reed,26,77,230,0.2,27.271040647664023,P
335,CIN,Tanner Roark,32,74,240,1.6,30.81081081081081,P
336,CIN,Sal Romano,25,77,255,-0.4,30.235284196323157,P
337,CIN,Scott Schebler,28,72,228,-0.5,30.91898148148148,CF
338,CIN,Nick Senzel,24,73,205,0.6,27.043535372490147,CF
339,CIN,Lucas Sims,25,74,225,0.3,28.885135135135137,P
340,CIN,Robert Stephenson,26,75,215,0.6,26.87022222222222,P
341,CIN,Eugenio Suarez,27,71,213,3.9,29.704225352112676,3B
342,CIN,Josh VanMeter,24,71,165,0.3,23.01031541360841,LF
343,CIN,Joey Votto,35,74,220,1.9,28.243243243243242,1B
344,CIN,Jesse Winker,25,75,215,0.7,26.87022222222222,LF
345,CIN,Alex Wood,28,76,215,-0.2,26.167763157894736,P
346,CLE,Greg Allen,26,72,185,0.5,25.087770061728396,LF
347,CLE,Logan Allen,22,75,200,0.1,24.995555555555555,P
348,CLE,Cody Anderson,28,76,240,-0.7,29.210526315789473,P
349,CLE,Trevor Bauer,28,73,205,1.6,27.043535372490147,P
350,CLE,Jake Bauers,23,73,195,-0.7,25.724338525051603,LF
351,CLE,Shane Bieber,24,75,200,4.5,24.995555555555555,P
352,CLE,Bobby Bradley,23,73,225,-0.3,29.681929067367236,1B
353,CLE,Carlos Carrasco,32,76,224,0.1,27.263157894736842,P
354,CLE,Yu Chang,23,73,180,-0.3,23.74554325389379,3B
355,CLE,Adam Cimber,28,76,195,0.0,23.73355263157895,P
356,CLE,Aaron Civale,24,74,215,1.5,27.60135135135135,P
357,CLE,Mike Clevinger,28,76,215,4.1,26.167763157894736,P
358,CLE,Tyler Clippard,34,75,200,1.3,24.995555555555555,P
359,CLE,A.J. Cole,27,77,238,-0.1,28.219598583234948,P
360,CLE,Jon Edwards,31,77,240,0.2,28.456738067127677,P
361,CLE,Ryan Flaherty,32,75,205,-0.2,25.620444444444445,3B
362,CLE,Mike Freeman,31,72,195,1.2,26.44386574074074,2B
363,CLE,Carlos Gonzalez,33,73,220,0.0,29.022330643647965,LF
364,CLE,Nick Goody,27,71,200,0.4,27.891291410434437,P
365,CLE,Eric Haase,26,70,210,-0.2,30.12857142857143,C
366,CLE,Brad Hand,29,75,220,1.1,27.49511111111111,P
367,CLE,James Hoyt,32,78,230,0.2,26.576265614727152,P
368,CLE,James Karinchak,23,75,230,0.1,28.744888888888887,P
369,CLE,Jason Kipnis,32,71,200,0.7,27.891291410434437,2B
370,CLE,Corey Kluber,33,76,215,-0.4,26.167763157894736,P
371,CLE,Francisco Lindor,25,71,190,5.0,26.496726839912714,SS
372,CLE,Jordan Luplow,25,73,195,2.0,25.724338525051603,RF
373,CLE,Leonys Martín,31,74,200,-0.2,25.675675675675677,CF
374,CLE,Phil Maton,26,75,220,0.1,27.49511111111111,P
375,CLE,Oscar Mercado,24,74,197,2.5,25.29054054054054,CF
376,CLE,Brad Miller,29,74,215,0.5,27.60135135135135,2B
377,CLE,Max Moroff,26,70,190,-0.4,27.259183673469387,SS
378,CLE,Tyler Naquin,28,74,195,1.5,25.033783783783782,RF
379,CLE,Tyler Olson,29,75,205,0.2,25.620444444444445,P
380,CLE,Dan Otero,34,75,205,0.0,25.620444444444445,P
381,CLE,Oliver Perez,37,75,225,0.4,28.12,P
382,CLE,Roberto Perez,30,71,220,4.0,30.68042055147788,C
383,CLE,Kevin Plawecki,28,74,220,-0.1,28.243243243243242,C
384,CLE,Zach Plesac,24,75,220,1.8,27.49511111111111,P
385,CLE,Adam Plutko,27,75,215,0.2,26.87022222222222,P
386,CLE,Yasiel Puig,28,74,240,0.4,30.81081081081081,RF
387,CLE,Hanley Ramirez,35,74,235,-0.2,30.16891891891892,
388,CLE,Jose Ramirez,26,69,190,3.4,28.0550304557866,3B
389,CLE,Neil Ramirez,30,76,215,-0.2,26.167763157894736,P
390,CLE,Franmil Reyes,23,77,275,0.1,32.606679035250465,RF
391,CLE,Jefry Rodriguez,25,78,232,0.1,26.807363576594344,P
392,CLE,Danny Salazar,29,72,195,0.1,26.44386574074074,P
393,CLE,Carlos Santana,33,71,210,4.6,29.28585598095616,1B
394,CLE,Josh Smith,29,75,200,0.0,24.995555555555555,P
395,CLE,Eric Stamets,27,72,190,-0.7,25.765817901234566,SS
396,CLE,Andrew Velazquez,24,68,170,0.0,25.845588235294116,2B
397,CLE,Nick Wittgren,28,74,216,0.9,27.72972972972973,P
398,CLE,Hunter Wood,25,73,175,0.0,23.085944830174515,P
399,CLE,Bradley Zimmer,26,77,220,-0.2,26.085343228200372,RF
400,COL,Yency Almonte,25,77,217,0.1,25.729634002361276,P
401,COL,Yonder Alonso,32,73,230,0.1,30.34152749108651,1B
402,COL,Tyler Anderson,29,75,215,-0.9,26.87022222222222,P
403,COL,Nolan Arenado,28,74,215,6.7,27.60135135135135,3B
404,COL,Chad Bettis,30,72,201,-0.2,27.25752314814815,P
405,COL,Charlie Blackmon,32,75,220,2.1,27.49511111111111,RF
406,COL,Drew Butera,35,73,205,-0.4,27.043535372490147,C
407,COL,Noel Cuevas,27,74,224,0.0,28.756756756756758,LF
408,COL,David Dahl,25,74,200,0.4,25.675675675675677,CF
409,COL,Wade Davis,33,77,227,-1.4,26.915331421824927,P
410,COL,Yonathan Daza,25,74,210,-0.8,26.95945945945946,CF
411,COL,Ian Desmond,33,75,220,-1.8,27.49511111111111,CF
412,COL,Jairo Diaz,28,72,200,0.5,27.121913580246915,P
413,COL,Phillip Diehl,24,74,180,-0.1,23.10810810810811,P
414,COL,Mike Dunn,34,72,212,-0.2,28.749228395061728,P
415,COL,Carlos Estevez,26,78,275,1.5,31.775969756738988,P
416,COL,Kyle Freeland,26,76,201,-0.9,24.463815789473685,P
417,COL,Josh Fuentes,26,74,209,-0.1,26.83108108108108,1B
418,COL,Rico Garcia,25,71,190,-0.2,26.496726839912714,P
419,COL,Chi Chi Gonzalez,27,75,215,0.4,26.87022222222222,P
420,COL,Jon Gray,27,76,227,3.6,27.62828947368421,P
421,COL,Garrett Hampson,24,71,188,0.3,26.217813925808372,2B
422,COL,Joe Harvey,27,74,235,0.0,30.16891891891892,P
423,COL,Sam Hilliard,25,77,238,0.6,28.219598583234948,CF
424,COL,Jeff Hoffman,26,77,227,0.2,26.915331421824927,P
425,COL,Sam Howard,26,76,200,-0.3,24.342105263157894,P
426,COL,Chris Iannetta,36,72,230,-0.5,31.19020061728395,C
427,COL,DJ Johnson,29,76,230,0.2,27.99342105263158,P
428,COL,Peter Lambert,22,74,185,-0.1,23.75,P
429,COL,German Marquez,24,73,225,3.6,29.681929067367236,P
430,COL,Jake McGee,32,76,237,0.3,28.845394736842106,P
431,COL,Ryan McMahon,24,74,208,1.2,26.7027027027027,2B
432,COL,Tim Melville,29,76,225,0.7,27.38486842105263,P
433,COL,Daniel Murphy,34,73,221,0.3,29.154250328391818,1B
434,COL,Harrison Musgrave,27,73,206,0.3,27.175455057234004,P
435,COL,Dom Nunez,24,72,175,-0.2,23.73167438271605,C
436,COL,Scott Oberg,29,74,203,2.4,26.06081081081081,P
437,COL,Seunghwan Oh,36,70,205,-0.6,29.41122448979592,P
438,COL,Wes Parsons,26,77,204,-0.3,24.188227357058526,P
439,COL,James Pazos,28,74,235,0.5,30.16891891891892,P
440,COL,Mark Reynolds,35,74,220,-1.1,28.243243243243242,1B
441,COL,Brendan Rodgers,22,72,180,-0.6,24.40972222222222,2B
442,COL,Chris Rusin,32,74,198,-0.2,25.41891891891892,P
443,COL,Antonio Senzatela,24,73,246,-0.9,32.45224244698818,P
444,COL,Bryan Shaw,31,73,232,0.5,30.605366860574218,P
445,COL,Trevor Story,26,74,214,6.1,27.472972972972972,SS
446,COL,Raimel Tapia,25,75,185,-0.8,23.12088888888889,LF
447,COL,Jesus Tinoco,24,76,263,0.1,32.00986842105263,P
448,COL,Pat Valaika,26,71,208,-0.6,29.006943066851814,2B
449,COL,Tony Wolters,27,70,197,1.5,28.2634693877551,C
450,DET,Austin Adams,32,71,205,0.1,28.5885736956953,P
451,DET,Victor Alcantara,26,74,190,0.4,24.39189189189189,P
452,DET,Tyler Alexander,24,74,200,1.0,25.675675675675677,P
453,DET,Sandy Baez,25,74,245,0.0,31.4527027027027,P
454,DET,Gordon Beckham,32,72,190,-1.0,25.765817901234566,2B
455,DET,Matthew Boyd,28,75,234,3.7,29.2448,P
456,DET,Miguel Cabrera,36,76,249,-0.1,30.30592105263158,1B
457,DET,Jeimer Candelario,25,73,221,0.5,29.154250328391818,3B
458,DET,Ryan Carpenter,28,77,230,-1.2,27.271040647664023,P
459,DET,Nicholas Castellanos,27,76,203,1.2,24.707236842105264,RF
460,DET,Harold Castro,25,72,180,-0.4,24.40972222222222,2B
461,DET,Willi Castro,22,73,205,-0.5,27.043535372490147,SS
462,DET,Jose Cisnero,30,75,245,0.3,30.619555555555557,P
463,DET,Travis Demeritte,24,72,180,-1.2,24.40972222222222,RF
464,DET,Brandon Dixon,27,74,215,-0.4,27.60135135135135,1B
465,DET,Buck Farmer,28,76,232,1.5,28.236842105263158,P
466,DET,Jose Fernandez,26,75,215,-0.4,26.87022222222222,P
467,DET,Bryan Garcia,24,73,203,-0.4,26.77969600300244,P
468,DET,Reed Garrett,26,74,210,-0.2,26.95945945945946,P
469,DET,Niko Goodrum,27,75,218,1.6,27.245155555555556,SS
470,DET,Shane Greene,30,76,197,1.7,23.976973684210527,P
471,DET,Grayson Greiner,26,78,239,-0.7,27.61620644312952,C
472,DET,Matt Hall,25,72,200,-0.4,27.121913580246915,P
473,DET,Blaine Hardy,32,74,218,0.5,27.986486486486488,P
474,DET,Josh Harrison,31,68,185,-0.9,28.126081314878892,2B
475,DET,John Hicks,29,74,230,-0.6,29.527027027027028,C
476,DET,Edwin Jackson,35,74,215,-0.8,27.60135135135135,P
477,DET,Eduardo Jimenez,24,74,225,0.1,28.885135135135137,P
478,DET,Joe Jimenez,24,75,272,0.6,33.99395555555556,P
479,DET,JaCoby Jones,27,74,201,-0.1,25.804054054054053,CF
480,DET,Dawel Lugo,24,72,220,-0.5,29.834104938271604,3B
481,DET,Mikie Mahtook,29,73,216,-0.4,28.494651904672548,CF
482,DET,David McKay,24,75,205,0.2,25.620444444444445,P
483,DET,Jordy Mercer,32,75,210,0.6,26.245333333333335,SS
484,DET,Matt Moore,30,75,210,0.7,26.245333333333335,P
485,DET,Daniel Norris,26,74,185,2.9,23.75,P
486,DET,Dustin Peterson,24,74,210,-0.6,26.95945945945946,LF
487,DET,Nick Ramirez,29,75,240,0.9,29.994666666666667,P
488,DET,Zac Reininger,26,75,190,-0.6,23.74577777777778,P
489,DET,Victor Reyes,24,77,215,1.2,25.492494518468543,CF
490,DET,Ronny Rodriguez,27,72,200,-0.6,27.121913580246915,2B
491,DET,Jake Rogers,24,73,205,-0.5,27.043535372490147,C
492,DET,Trevor Rosenthal,29,74,230,-0.2,29.527027027027028,P
493,DET,Tyson Ross,32,78,245,0.0,28.309500328731097,P
494,DET,John Schreiber,25,75,220,0.0,27.49511111111111,P
495,DET,Gregory Soto,24,73,240,0.4,31.66072433852505,P
496,DET,Christin Stewart,25,72,205,-0.3,27.799961419753085,LF
497,DET,Daniel Stumpf,28,74,208,0.3,26.7027027027027,P
498,DET,Carlos Torres,36,73,180,0.0,23.74554325389379,P
499,DET,Spencer Turnbull,26,75,215,2.3,26.87022222222222,P
500,DET,Drew VerHagen,28,78,230,0.0,26.576265614727152,P
501,DET,Bobby Wilson,36,72,230,-0.7,31.19020061728395,C
502,DET,Jordan Zimmermann,33,74,225,-0.3,28.885135135135137,P
503,HOU,Bryan Abreu,22,73,204,0.3,26.911615687746295,P
504,HOU,Jose Altuve,29,66,165,3.8,26.62878787878788,2B
505,HOU,Yordan Álvarez,22,77,225,3.7,26.678191937932198,LF
506,HOU,Rogelio Armenteros,25,73,215,0.1,28.36273221992869,P
507,HOU,Joe Biagini,29,77,235,-0.4,27.863889357395852,P
508,HOU,Michael Brantley,32,74,200,4.8,25.675675675675677,LF
509,HOU,Alex Bregman,25,72,180,9.1,24.40972222222222,3B
510,HOU,Robinson Chirinos,35,73,210,3.8,27.70313379620942,C
511,HOU,Gerrit Cole,28,76,225,6.5,27.38486842105263,P
512,HOU,Carlos Correa,24,76,215,3.5,26.167763157894736,SS
513,HOU,Chris Devenski,28,75,210,-0.1,26.245333333333335,P
514,HOU,Aledmys Díaz,28,73,195,1.1,25.724338525051603,1B
515,HOU,Derek Fisher,25,75,205,0.1,25.620444444444445,LF
516,HOU,Zack Greinke,35,74,200,1.1,25.675675675675677,P
517,HOU,Reymin Guduan,27,76,205,-0.4,24.950657894736842,P
518,HOU,Yuli Gurriel,35,72,190,3.9,25.765817901234566,1B
519,HOU,Will Harris,34,76,240,1.9,29.210526315789473,P
520,HOU,Josh James,26,75,206,0.0,25.74542222222222,P
521,HOU,Tony Kemp,27,66,165,0.3,26.62878787878788,2B
522,HOU,Martin Maldonado,32,72,230,0.5,31.19020061728395,C
523,HOU,Jake Marisnick,28,76,220,1.4,26.776315789473685,CF
524,HOU,Corbin Martin,23,74,200,-0.2,25.675675675675677,P
525,HOU,Jack Mayfield,28,71,190,0.1,26.496726839912714,SS
526,HOU,Collin McHugh,32,74,190,0.3,24.39189189189189,P
527,HOU,Wade Miley,32,72,220,1.6,29.834104938271604,P
528,HOU,Roberto Osuna,24,74,215,1.8,27.60135135135135,P
529,HOU,Brad Peacock,31,73,210,1.1,27.70313379620942,P
530,HOU,Cionel Pérez,23,71,170,-0.5,23.70759769886927,P
531,HOU,Ryan Pressly,30,75,210,1.7,26.245333333333335,P
532,HOU,Josh Reddick,32,74,195,1.4,25.033783783783782,RF
533,HOU,Brady Rodgers,28,74,210,-0.3,26.95945945945946,P
534,HOU,Hector Rondon,31,75,230,0.7,28.744888888888887,P
535,HOU,Aaron Sanchez,26,76,210,0.1,25.55921052631579,P
536,HOU,Joe Smith,35,74,205,0.6,26.31756756756757,P
537,HOU,Cy Sneed,26,76,215,-0.1,26.167763157894736,P
538,HOU,George Springer,29,75,215,6.4,26.87022222222222,CF
539,HOU,Max Stassi,28,70,200,-0.8,28.693877551020407,C
540,HOU,Myles Straw,24,70,180,1.0,25.824489795918367,SS
541,HOU,Garrett Stubbs,26,70,175,0.1,25.107142857142858,C
542,HOU,Abraham Toro,22,73,190,0.2,25.064740101332333,3B
543,HOU,Kyle Tucker,22,76,190,0.8,23.125,LF
544,HOU,Jose Urquidy,24,72,180,0.6,24.40972222222222,P
545,HOU,Framber Valdez,25,71,170,-0.8,23.70759769886927,P
546,HOU,Justin Verlander,36,77,225,7.3,26.678191937932198,P
547,HOU,Tyler White,28,71,225,-0.9,31.37770283673874,1B
548,KCR,Humberto Arteaga,25,73,160,-0.8,21.1071495590167,SS
549,KCR,Homer Bailey,33,76,223,1.0,27.14144736842105,P
550,KCR,Scott Barlow,26,75,215,0.9,26.87022222222222,P
551,KCR,Jacob Barnes,29,74,220,-0.4,28.243243243243242,P
552,KCR,Jorge Bonifacio,26,73,225,0.1,29.681929067367236,RF
553,KCR,Brad Boxberger,31,74,205,0.0,26.31756756756757,P
554,KCR,Cheslor Cuthbert,26,73,210,-0.6,27.70313379620942,1B
555,KCR,Jake Diekman,32,76,200,0.2,24.342105263157894,P
556,KCR,Nick Dini,25,68,180,0.1,27.3659169550173,C
557,KCR,Hunter Dozier,27,76,220,3.2,26.776315789473685,3B
558,KCR,Lucas Duda,33,76,255,-1.0,31.036184210526315,1B
559,KCR,Danny Duffy,30,75,205,1.9,25.620444444444445,P
560,KCR,Chris Ellis,26,77,205,0.0,24.306797099004893,P
561,KCR,Heath Fillmyer,25,73,195,-0.5,25.724338525051603,P
562,KCR,Brian Flynn,29,79,255,-0.1,28.723762217593336,P
563,KCR,Cam Gallagher,26,75,230,0.2,28.744888888888887,C
564,KCR,Alex Gordon,35,73,225,1.3,29.681929067367236,LF
565,KCR,Terrance Gore,28,67,165,0.1,25.83983069725997,RF
566,KCR,Kelvin Gutierrez,24,75,215,0.4,26.87022222222222,3B
567,KCR,Jesse Hahn,29,76,215,-0.4,26.167763157894736,P
568,KCR,Billy Hamilton,28,72,160,0.6,21.69753086419753,CF
569,KCR,Tim Hill,29,74,200,0.7,25.675675675675677,P
570,KCR,Jakob Junis,26,74,225,1.0,28.885135135135137,P
571,KCR,Brad Keller,23,77,230,2.8,27.271040647664023,P
572,KCR,Ian Kennedy,34,72,205,1.4,27.799961419753085,P
573,KCR,Ben Lively,27,76,190,-0.1,23.125,P
574,KCR,Jorge Lopez,26,75,195,-1.3,24.370666666666665,P
575,KCR,Nicky Lopez,24,71,175,0.1,24.404879984130133,2B
576,KCR,Richard Lovelady,23,72,175,-0.3,23.73167438271605,P
577,KCR,Martin Maldonado,32,72,230,1.1,31.19020061728395,C
578,KCR,Ryan McBroom,27,75,235,0.0,29.369777777777777,RF
579,KCR,Kevin McCarthy,27,75,215,0.5,26.87022222222222,P
580,KCR,Erick Mejia,24,71,155,0.0,21.61575084308669,CF
581,KCR,Whit Merrifield,30,72,195,3.7,26.44386574074074,2B
582,KCR,Adalberto Mondesi,23,73,190,2.4,25.064740101332333,SS
583,KCR,Mike Montgomery,29,77,215,0.5,25.492494518468543,P
584,KCR,Jake Newberry,24,74,195,0.5,25.033783783783782,P
585,KCR,Ryan O'Hearn,25,75,200,-1.5,24.995555555555555,1B
586,KCR,Chris Owings,27,70,185,-1.0,26.541836734693877,2B
587,KCR,Wily Peralta,30,73,255,-0.3,33.639519609682864,P
588,KCR,Brett Phillips,25,72,185,0.3,25.087770061728396,CF
589,KCR,Randy Rosario,25,73,200,0.2,26.383936948770877,P
590,KCR,Frank Schwindel,27,73,215,-0.3,28.36273221992869,1B
591,KCR,Eric Skoglund,26,79,210,-0.5,23.65486300272392,P
592,KCR,Jorge Soler,27,76,230,3.6,27.99342105263158,RF
593,KCR,Glenn Sparkman,27,74,210,-0.2,26.95945945945946,P
594,KCR,Gabe Speier,24,72,175,-0.2,23.73167438271605,P
595,KCR,Bubba Starling,26,76,215,-0.8,26.167763157894736,CF
596,KCR,Josh Staumont,25,75,200,-0.1,24.995555555555555,P
597,KCR,Meibrys Viloria,22,71,220,-0.1,30.68042055147788,C
598,KCR,Kyle Zimmer,27,75,225,-0.7,28.12,P
599,LAA,Cody Allen,30,73,210,-0.2,27.70313379620942,P
600,LAA,Justin Anderson,26,75,230,-0.4,28.744888888888887,P
601,LAA,Luke Bard,28,75,200,0.2,24.995555555555555,P
602,LAA,Jaime Barria,22,73,210,-0.6,27.70313379620942,P
603,LAA,Cam Bedrosian,27,73,225,0.6,29.681929067367236,P
604,LAA,Anthony Bemboom,29,74,200,-0.5,25.675675675675677,C
605,LAA,Justin Bour,31,76,270,-0.4,32.86184210526316,1B
606,LAA,Peter Bourjos,32,73,190,-0.4,25.064740101332333,LF
607,LAA,Ty Buttrey,26,78,240,0.9,27.731755424063117,P
608,LAA,Trevor Cahill,31,76,230,-0.4,27.99342105263158,P
609,LAA,Kole Calhoun,31,70,215,2.4,30.84591836734694,RF
610,LAA,Griffin Canning,23,74,180,1.0,23.10810810810811,P
611,LAA,Taylor Cole,29,73,200,-0.4,26.383936948770877,P
612,LAA,Kaleb Cowart,27,75,225,-0.1,28.12,3B
613,LAA,Zack Cozart,33,72,204,-1.1,27.66435185185185,3B
614,LAA,John Curtiss,26,77,220,0.0,26.085343228200372,P
615,LAA,Miguel Del Pozo,26,73,205,-0.5,27.043535372490147,P
616,LAA,David Fletcher,25,69,185,4.5,27.31674018063432,3B
617,LAA,Sam Freeman,32,71,180,0.0,25.102162269390995,P
618,LAA,Luis Garcia,32,74,240,0.1,30.81081081081081,P
619,LAA,Dustin Garneau,31,74,205,0.6,26.31756756756757,C
620,LAA,Brian Goodwin,28,72,200,2.2,27.121913580246915,LF
621,LAA,Matt Harvey,30,76,220,-0.7,26.776315789473685,P
622,LAA,Andrew Heaney,28,74,200,1.0,25.675675675675677,P
623,LAA,Michael Hermosillo,24,72,205,0.0,27.799961419753085,LF
624,LAA,Jake Jewell,26,75,200,-0.3,24.995555555555555,P
625,LAA,Tommy La Stella,30,71,180,2.0,25.102162269390995,2B
626,LAA,Jonathan Lucroy,33,72,200,-0.6,27.121913580246915,C
627,LAA,Adalberto Mejia,26,75,195,0.2,24.370666666666665,P
628,LAA,Keynan Middleton,25,75,215,0.4,26.87022222222222,P
629,LAA,Shohei Ohtani,24,76,210,2.5,25.55921052631579,
630,LAA,Jarrett Parker,30,76,225,-0.1,27.38486842105263,LF
631,LAA,Felix Pena,29,74,220,0.7,28.243243243243242,P
632,LAA,Dillon Peters,26,71,190,-0.1,26.496726839912714,P
633,LAA,Cesar Puello,28,74,220,0.7,28.243243243243242,LF
634,LAA,Albert Pujols,39,75,235,0.5,29.369777777777777,1B
635,LAA,JC Ramirez,30,77,250,0.1,29.64243548659133,P
636,LAA,Noe Ramirez,29,75,205,0.9,25.620444444444445,P
637,LAA,Matt Ramsey,29,71,210,0.0,29.28585598095616,P
638,LAA,Luis Rengifo,22,70,195,1.2,27.976530612244897,2B
639,LAA,Hansel Robles,28,72,220,2.6,29.834104938271604,P
640,LAA,Jose Rodriguez,23,74,175,0.5,22.466216216216218,P
641,LAA,Patrick Sandoval,22,75,190,0.4,23.74577777777778,P
642,LAA,Andrelton Simmons,29,74,195,1.9,25.033783783783782,SS
643,LAA,Tyler Skaggs,27,76,225,0.9,27.38486842105263,P
644,LAA,Kevan Smith,31,76,240,0.6,29.210526315789473,C
645,LAA,Max Stassi,28,70,200,-0.8,28.693877551020407,C
646,LAA,Chris Stratton,28,74,211,-0.7,27.08783783783784,P
647,LAA,Jose Suarez,21,70,225,-1.3,32.28061224489796,P
648,LAA,Matt Thaiss,24,72,215,0.5,29.156057098765434,3B
649,LAA,Wilfredo Tovar,27,67,180,0.0,28.188906215192695,SS
650,LAA,Nick Tropeano,28,76,205,-0.5,24.950657894736842,P
651,LAA,Mike Trout,27,74,235,8.2,30.16891891891892,CF
652,LAA,Justin Upton,31,73,215,-0.9,28.36273221992869,LF
653,LAA,Jared Walsh,25,72,210,-0.1,28.47800925925926,1B
654,LAA,Taylor Ward,25,73,200,-0.7,26.383936948770877,LF
655,LAA,Kean Wong,24,71,185,-0.1,25.799444554651856,2B
656,LAD,Scott Alexander,29,74,195,0.2,25.033783783783782,P
657,LAD,Pedro Baez,31,72,232,0.3,31.46141975308642,P
658,LAD,Austin Barnes,29,70,187,0.2,26.828775510204082,C
659,LAD,Matt Beaty,26,72,215,0.4,29.156057098765434,1B
660,LAD,Cody Bellinger,23,76,203,9.1,24.707236842105264,RF
661,LAD,Walker Buehler,24,74,185,2.0,23.75,P
662,LAD,JT Chargois,28,75,200,-0.3,24.995555555555555,P
663,LAD,Travis d'Arnaud,30,74,210,0.0,26.95945945945946,
664,LAD,Caleb Ferguson,22,75,226,-0.2,28.244977777777777,P
665,LAD,Dylan Floro,28,74,203,-0.5,26.06081081081081,P
666,LAD,David Freese,36,74,213,1.5,27.344594594594593,1B
667,LAD,Rocky Gale,31,73,185,-0.2,24.40514167761306,C
668,LAD,Yimi Garcia,28,72,225,0.1,30.51215277777778,P
669,LAD,Kyle Garlick,27,73,210,0.2,27.70313379620942,LF
670,LAD,Tony Gonsolin,25,75,205,0.8,25.620444444444445,P
671,LAD,Jedd Gyorko,30,70,215,-0.4,30.84591836734694,3B
672,LAD,Enrique Hernandez,27,71,192,2.2,26.77563975401706,2B
673,LAD,Rich Hill,39,77,221,1.2,26.203912970146735,P
674,LAD,Kenley Jansen,31,77,265,0.0,31.42098161578681,P
675,LAD,Joe Kelly,31,73,174,-0.7,22.954025145430663,P
676,LAD,Clayton Kershaw,31,76,226,3.1,27.50657894736842,P
677,LAD,Adam Kolarek,30,75,215,0.3,26.87022222222222,P
678,LAD,Gavin Lux,21,74,190,0.6,24.39189189189189,2B
679,LAD,Kenta Maeda,31,73,184,1.7,24.273221992869207,P
680,LAD,Russell Martin,36,70,215,0.8,30.84591836734694,C
681,LAD,Dustin May,21,78,180,-0.2,20.798816568047336,P
682,LAD,Max Muncy,28,72,218,5.7,29.562885802469136,2B
683,LAD,Kristopher Negron,33,72,190,0.2,25.765817901234566,CF
684,LAD,Joc Pederson,27,73,220,3.2,29.022330643647965,LF
685,LAD,A.J. Pollock,31,73,212,0.2,27.96697316569713,CF
686,LAD,Edwin Rios,25,75,220,0.5,27.49511111111111,1B
687,LAD,Zac Rosscup,31,74,220,-0.1,28.243243243243242,P
688,LAD,Hyun-Jin Ryu,32,75,255,5.0,31.869333333333334,P
689,LAD,Casey Sadler,28,75,205,0.3,25.620444444444445,P
690,LAD,Dennis Santana,23,74,190,-0.1,24.39189189189189,P
691,LAD,Josh Sborz,25,75,215,-0.3,26.87022222222222,P
692,LAD,Jaime Schultz,28,70,205,-0.1,29.41122448979592,P
693,LAD,Corey Seager,25,76,215,3.3,26.167763157894736,SS
694,LAD,Will Smith,24,70,195,1.7,27.976530612244897,C
695,LAD,Brock Stewart,27,75,215,-0.2,26.87022222222222,P
696,LAD,Ross Stripling,29,74,220,0.7,28.243243243243242,P
697,LAD,Chris Taylor,28,73,196,1.7,25.85625820979546,LF
698,LAD,Justin Turner,34,71,202,4.1,28.170204324538783,3B
699,LAD,Julio Urias,22,72,225,1.4,30.51215277777778,P
700,LAD,Alex Verdugo,23,72,212,3.2,28.749228395061728,CF
701,LAD,Tyler White,28,71,225,-0.5,31.37770283673874,1B
702,MIA,Sandy Alcantara,23,76,170,2.8,20.69078947368421,P
703,MIA,Jorge Alfaro,26,74,225,1.3,28.885135135135137,C
704,MIA,Brian Anderson,26,75,185,3.7,23.12088888888889,3B
705,MIA,Nick Anderson,28,77,195,0.6,23.12109967954124,P
706,MIA,Jon Berti,29,70,195,1.6,27.976530612244897,SS
707,MIA,Austin Brice,27,76,235,0.4,28.601973684210527,P
708,MIA,Jeff Brigham,27,72,200,0.1,27.121913580246915,P
709,MIA,Lewis Brinson,25,75,195,-2.0,24.370666666666665,CF
710,MIA,Wilkin Castillo,35,72,215,-0.2,29.156057098765434,C
711,MIA,Starlin Castro,29,74,230,1.4,29.527027027027028,2B
712,MIA,Wei-Yin Chen,33,72,200,-1.1,27.121913580246915,P
713,MIA,Adam Conley,29,75,200,-1.2,24.995555555555555,P
714,MIA,Garrett Cooper,28,78,230,1.6,26.576265614727152,1B
715,MIA,Austin Dean,25,73,190,-1.2,25.064740101332333,LF
716,MIA,Isan Diaz,23,70,185,-0.8,26.541836734693877,2B
717,MIA,Robert Dugger,23,74,180,-0.7,23.10810810810811,P
718,MIA,Zac Gallen,23,74,191,1.2,24.52027027027027,P
719,MIA,Isaac Galloway,29,74,205,-0.7,26.31756756756757,CF
720,MIA,Jarlin Garcia,26,75,215,1.2,26.87022222222222,P
721,MIA,Curtis Granderson,38,73,200,-0.6,26.383936948770877,LF
722,MIA,Tayron Guerrero,28,80,210,-0.7,23.0671875,P
723,MIA,Tyler Heineman,28,71,205,0.1,28.5885736956953,C
724,MIA,Elieser Hernandez,24,72,210,0.2,28.47800925925926,P
725,MIA,Rosell Herrera,26,75,195,-0.9,24.370666666666665,CF
726,MIA,Bryan Holaday,31,72,214,0.4,29.020447530864196,C
727,MIA,Kyle Keller,26,76,200,0.2,24.342105263157894,P
728,MIA,Tyler Kinley,28,76,205,0.8,24.950657894736842,P
729,MIA,Pablo Lopez,23,75,200,0.5,24.995555555555555,P
730,MIA,Deven Marrero,28,72,190,0.0,25.765817901234566,SS
731,MIA,Brian Moran,30,76,230,0.1,27.99342105263158,P
732,MIA,Hector Noesi,32,77,220,-0.7,26.085343228200372,P
733,MIA,Peter O'Brien,28,76,235,-0.7,28.601973684210527,RF
734,MIA,Martin Prado,35,72,215,-1.3,29.156057098765434,1B
735,MIA,Cesar Puello,28,74,220,0.4,28.243243243243242,CF
736,MIA,Jose Quijada,23,71,203,-0.4,28.309660781590953,P
737,MIA,Harold Ramirez,24,70,220,0.3,31.56326530612245,LF
738,MIA,Trevor Richards,26,74,190,1.2,24.39189189189189,P
739,MIA,JT Riddle,27,73,180,-0.6,23.74554325389379,CF
740,MIA,Yadiel Rivera,27,75,185,-0.5,23.12088888888889,3B
741,MIA,Miguel Rojas,30,71,195,1.4,27.194009125173576,SS
742,MIA,Sergio Romo,36,71,185,0.2,25.799444554651856,P
743,MIA,Magneuris Sierra,23,71,160,0.2,22.31303312834755,CF
744,MIA,Caleb Smith,27,74,205,1.7,26.31756756756757,P
745,MIA,Josh Smith,29,75,200,-0.1,24.995555555555555,P
746,MIA,Ryne Stanek,27,76,225,-0.4,27.38486842105263,P
747,MIA,Drew Steckenrider,28,77,215,-0.2,25.492494518468543,P
748,MIA,Jose Urena,27,74,200,-0.3,25.675675675675677,P
749,MIA,Neil Walker,33,75,210,0.6,26.245333333333335,1B
750,MIA,Chad Wallach,27,75,230,0.2,28.744888888888887,C
751,MIA,Jordan Yamamoto,23,72,185,0.7,25.087770061728396,P
752,MIL,Jesus Aguilar,29,75,250,-0.5,31.244444444444444,1B
753,MIL,Matt Albers,36,73,225,-0.2,29.681929067367236,P
754,MIL,Chase Anderson,31,73,200,1.7,26.383936948770877,P
755,MIL,Orlando Arcia,24,72,165,-0.3,22.375578703703702,SS
756,MIL,Tyler Austin,27,74,220,0.2,28.243243243243242,1B
757,MIL,Jacob Barnes,29,74,220,-0.4,28.243243243243242,P
758,MIL,Ray Black,29,77,225,0.0,26.678191937932198,P
759,MIL,Ryan Braun,35,74,205,1.7,26.31756756756757,LF
760,MIL,Corbin Burnes,24,75,205,-2.2,25.620444444444445,P
761,MIL,Lorenzo Cain,33,74,205,3.0,26.31756756756757,CF
762,MIL,Jhoulys Chacin,31,75,215,-0.5,26.87022222222222,P
763,MIL,Alex Claudio,27,75,180,0.6,22.496,P
764,MIL,Zach Davies,26,72,155,2.5,21.019483024691358,P
765,MIL,Mauricio Dubon,24,72,160,-0.1,21.69753086419753,SS
766,MIL,Jake Faria,25,76,225,-0.6,27.38486842105263,P
767,MIL,David Freitas,30,75,225,-0.2,28.12,
768,MIL,Ben Gamel,27,71,185,0.6,25.799444554651856,LF
769,MIL,Gio Gonzalez,33,72,205,1.7,27.799961419753085,P
770,MIL,Yasmani Grandal,30,73,235,2.4,31.00112591480578,C
771,MIL,Trent Grisham,22,72,205,0.6,27.799961419753085,CF
772,MIL,Deolis Guerra,30,77,245,-0.2,29.049586776859503,P
773,MIL,Junior Guerra,34,72,205,1.4,27.799961419753085,P
774,MIL,Josh Hader,25,75,185,2.6,23.12088888888889,P
775,MIL,Donnie Hart,28,71,180,0.3,25.102162269390995,P
776,MIL,Keston Hiura,22,71,190,2.0,26.496726839912714,2B
777,MIL,Adrian Houser,26,76,235,1.8,28.601973684210527,P
778,MIL,Jay Jackson,31,73,195,0.2,25.724338525051603,P
779,MIL,Jeremy Jeffress,31,72,205,-0.4,27.799961419753085,P
780,MIL,Jordan Lyles,28,77,230,1.8,27.271040647664023,P
781,MIL,Mike Moustakas,30,72,225,2.8,30.51215277777778,3B
782,MIL,Jimmy Nelson,30,78,250,-0.5,28.887245233399078,P
783,MIL,Jacob Nottingham,24,74,230,0.0,29.527027027027028,C
784,MIL,Freddy Peralta,23,71,175,-0.9,24.404879984130133,P
785,MIL,Hernan Perez,28,73,215,-0.1,28.36273221992869,2B
786,MIL,Jake Petricka,31,77,220,0.1,26.085343228200372,P
787,MIL,Manny Pina,32,72,215,0.8,29.156057098765434,C
788,MIL,Drew Pomeranz,30,78,240,0.9,27.731755424063117,P
789,MIL,Tyler Saladino,29,72,200,-0.4,27.121913580246915,SS
790,MIL,Travis Shaw,29,76,230,-1.2,27.99342105263158,3B
791,MIL,Burch Smith,29,76,225,-0.3,27.38486842105263,P
792,MIL,Cory Spangenberg,28,72,195,0.5,26.44386574074074,2B
793,MIL,Brent Suter,29,77,195,1.0,23.12109967954124,P
794,MIL,Tyrone Taylor,25,72,185,0.2,25.087770061728396,RF
795,MIL,Eric Thames,32,72,210,1.6,28.47800925925926,1B
796,MIL,Aaron Wilkerson,30,75,190,-0.1,23.74577777777778,P
797,MIL,Devin Williams,24,75,165,-0.1,20.621333333333332,P
798,MIL,Taylor Williams,27,71,195,-0.8,27.194009125173576,P
799,MIL,Alex Wilson,32,72,220,-0.6,29.834104938271604,P
800,MIL,Brandon Woodruff,26,76,215,3.3,26.167763157894736,P
801,MIL,Christian Yelich,27,75,195,7.0,24.370666666666665,RF
802,MIN,Austin Adams,32,71,205,-0.1,28.5885736956953,P
803,MIN,Ehire Adrianza,29,73,195,0.7,25.724338525051603,3B
804,MIN,Jorge Alcala,23,75,205,0.1,25.620444444444445,P
805,MIN,Luis Arraez,22,70,177,1.8,25.394081632653062,2B
806,MIN,Willians Astudillo,27,69,225,0.1,33.22306238185255,C
807,MIN,Tyler Austin,27,74,220,-0.1,28.243243243243242,1B
808,MIN,Jose Berrios,25,72,205,3.3,27.799961419753085,P
809,MIN,Byron Buxton,25,74,190,3.1,24.39189189189189,CF
810,MIN,Jason Castro,32,75,215,0.7,26.87022222222222,C
811,MIN,Jake Cave,26,72,200,0.8,27.121913580246915,RF
812,MIN,C.J. Cron,29,76,235,1.7,28.601973684210527,1B
813,MIN,Nelson Cruz,38,74,230,4.4,29.527027027027028,
814,MIN,Chase De Jong,25,76,205,-0.1,24.950657894736842,P
815,MIN,Randy Dobnak,24,73,230,0.7,30.34152749108651,P
816,MIN,Tyler Duffey,28,75,220,0.9,27.49511111111111,P
817,MIN,Sam Dyson,31,73,212,-0.3,27.96697316569713,P
818,MIN,Ryan Eades,27,74,210,0.1,26.95945945945946,P
819,MIN,Mitch Garver,28,73,220,4.1,29.022330643647965,C
820,MIN,Kyle Gibson,31,78,215,0.2,24.843030900723207,P
821,MIN,Marwin Gonzalez,30,73,205,1.8,27.043535372490147,RF
822,MIN,Brusdar Graterol,20,73,265,0.0,34.95871645712141,P
823,MIN,Ryne Harper,30,75,215,0.6,26.87022222222222,P
824,MIN,Trevor Hildenberger,28,74,211,-1.3,27.08783783783784,P
825,MIN,Max Kepler,26,76,220,4.1,26.776315789473685,RF
826,MIN,Ryan LaMarre,30,73,210,0.0,27.70313379620942,CF
827,MIN,Zack Littell,23,76,220,0.9,26.776315789473685,P
828,MIN,Matt Magill,29,75,210,-0.3,26.245333333333335,P
829,MIN,Trevor May,29,77,240,1.3,28.456738067127677,P
830,MIN,Adalberto Mejia,26,75,195,-0.7,24.370666666666665,P
831,MIN,Ian Miller,27,72,175,0.0,23.73167438271605,CF
832,MIN,Mike Morin,28,76,220,0.2,26.776315789473685,P
833,MIN,Jake Odorizzi,29,74,190,3.6,24.39189189189189,P
834,MIN,Blake Parker,34,75,225,0.3,28.12,P
835,MIN,Martin Perez,28,72,200,0.2,27.121913580246915,P
836,MIN,Michael Pineda,30,79,280,2.4,31.53981733696523,P
837,MIN,Jorge Polanco,25,71,200,4.8,27.891291410434437,SS
838,MIN,Sean Poppen,25,75,205,-0.1,25.620444444444445,P
839,MIN,Taylor Rogers,28,75,190,2.5,23.74577777777778,P
840,MIN,Fernando Romero,24,72,215,-0.2,29.156057098765434,P
841,MIN,Sergio Romo,36,71,185,0.4,25.799444554651856,P
842,MIN,Eddie Rosario,27,73,180,1.7,23.74554325389379,LF
843,MIN,Miguel Sano,26,76,272,3.0,33.10526315789474,3B
844,MIN,Jonathan Schoop,27,73,225,1.6,29.681929067367236,2B
845,MIN,Devin Smeltzer,23,75,195,0.8,24.370666666666665,P
846,MIN,Cody Stashak,25,74,169,0.4,21.695945945945947,P
847,MIN,Kohl Stewart,24,75,195,-0.2,24.370666666666665,P
848,MIN,Lewis Thorpe,23,73,218,-0.2,28.758491274160257,P
849,MIN,Ronald Torreyes,26,68,151,-0.2,22.95696366782007,SS
850,MIN,Andrew Vasquez,25,78,245,0.0,28.309500328731097,P
851,MIN,LaMonte Wade Jr,25,73,205,0.1,27.043535372490147,CF
852,NYM,Pete Alonso,24,75,245,5.2,30.619555555555557,1B
853,NYM,Aaron Altherr,28,77,215,-0.4,25.492494518468543,LF
854,NYM,Luis Avilan,29,74,220,0.2,28.243243243243242,P
855,NYM,Tyler Bashlor,26,72,195,-0.4,26.44386574074074,P
856,NYM,Brad Brach,33,78,215,0.3,24.843030900723207,P
857,NYM,Keon Broxton,29,75,195,-0.5,24.370666666666665,LF
858,NYM,Robinson Cano,36,72,210,0.3,28.47800925925926,2B
859,NYM,Michael Conforto,26,73,215,3.4,28.36273221992869,RF
860,NYM,Travis d'Arnaud,30,74,210,-0.3,26.95945945945946,C
861,NYM,J.D. Davis,26,75,225,1.0,28.12,LF
862,NYM,Rajai Davis,38,70,195,-0.1,27.976530612244897,LF
863,NYM,Jacob deGrom,31,76,180,8.2,21.907894736842106,P
864,NYM,Edwin Diaz,25,75,165,-0.5,20.621333333333332,P
865,NYM,Jeurys Familia,29,75,240,-0.4,29.994666666666667,P
866,NYM,Chris Flexen,24,75,250,-0.3,31.244444444444444,P
867,NYM,Wilmer Font,29,76,250,0.3,30.42763157894737,P
868,NYM,Todd Frazier,33,75,220,1.8,27.49511111111111,3B
869,NYM,Drew Gagnon,29,76,215,-1.0,26.167763157894736,P
870,NYM,Carlos Gomez,33,75,220,-0.4,27.49511111111111,CF
871,NYM,Robert Gsellman,25,76,205,0.1,24.950657894736842,P
872,NYM,Luis Guillorme,24,70,195,0.4,27.976530612244897,2B
873,NYM,Sam Haggerty,25,71,175,-0.1,24.404879984130133,2B
874,NYM,Donnie Hart,28,71,180,0.0,25.102162269390995,P
875,NYM,Adeiny Hechavarria,30,72,195,-0.2,26.44386574074074,2B
876,NYM,Juan Lagares,30,73,215,-0.8,28.36273221992869,CF
877,NYM,Walker Lockett,25,77,225,-0.5,26.678191937932198,P
878,NYM,Jed Lowrie,35,72,180,-0.2,24.40972222222222,
879,NYM,Seth Lugo,29,76,225,2.4,27.38486842105263,P
880,NYM,Steven Matz,28,74,200,2.5,25.675675675675677,P
881,NYM,Chris Mazza,29,76,180,0.0,21.907894736842106,P
882,NYM,Jeff McNeil,27,73,195,4.9,25.724338525051603,LF
883,NYM,Tomas Nido,25,72,210,-0.8,28.47800925925926,C
884,NYM,Brandon Nimmo,26,75,207,0.7,25.8704,CF
885,NYM,Stephen Nogosek,24,74,205,-0.2,26.31756756756757,P
886,NYM,Ryan O'Rourke,31,75,230,0.1,28.744888888888887,P
887,NYM,Corey Oswalt,25,77,250,-0.4,29.64243548659133,P
888,NYM,Joe Panik,28,73,200,0.2,26.383936948770877,2B
889,NYM,Tim Peterson,28,73,215,0.0,28.36273221992869,P
890,NYM,Brooks Pounders,28,77,265,0.0,31.42098161578681,P
891,NYM,Wilson Ramos,31,73,245,2.2,32.320322762244324,C
892,NYM,Jacob Rhame,26,73,215,0.0,28.36273221992869,P
893,NYM,Rene Rivera,35,70,215,-0.1,30.84591836734694,C
894,NYM,Amed Rosario,23,74,189,2.4,24.263513513513512,SS
895,NYM,Hector Santiago,31,72,215,-0.1,29.156057098765434,P
896,NYM,Paul Sewald,29,75,207,0.1,25.8704,P
897,NYM,Dominic Smith,24,72,239,0.7,32.41068672839506,1B
898,NYM,Marcus Stroman,28,67,180,1.1,28.188906215192695,P
899,NYM,Noah Syndergaard,26,78,240,2.5,27.731755424063117,P
900,NYM,Ruben Tejada,29,71,200,-0.2,27.891291410434437,2B
901,NYM,Jason Vargas,36,72,215,1.4,29.156057098765434,P
902,NYM,Zack Wheeler,29,76,195,4.4,23.73355263157895,P
903,NYM,Justin Wilson,31,74,205,1.3,26.31756756756757,P
904,NYM,Daniel Zamora,26,75,195,0.0,24.370666666666665,P
905,NYY,Chance Adams,24,73,225,-0.7,29.681929067367236,P
906,NYY,Miguel Andujar,24,72,215,-1.2,29.156057098765434,3B
907,NYY,Jake Barrett,27,74,240,-0.2,30.81081081081081,P
908,NYY,Dellin Betances,31,80,265,0.0,29.10859375,P
909,NYY,Greg Bird,26,76,220,-0.3,26.776315789473685,1B
910,NYY,Zack Britton,31,75,195,2.5,24.370666666666665,P
911,NYY,Luis Cessa,27,72,210,0.5,28.47800925925926,P
912,NYY,Aroldis Chapman,31,76,212,1.6,25.80263157894737,P
913,NYY,Nestor Cortes Jr.,24,71,210,-0.4,29.28585598095616,P
914,NYY,Ryan Dull,29,69,185,-0.3,27.31674018063432,P
915,NYY,Edwin Encarnacion,36,73,230,0.8,30.34152749108651,1B
916,NYY,Thairo Estrada,23,70,190,0.1,27.259183673469387,2B
917,NYY,Mike Ford,26,72,225,1.0,30.51215277777778,1B
918,NYY,Clint Frazier,24,73,190,0.1,25.064740101332333,RF
919,NYY,Brett Gardner,35,71,195,4.1,27.194009125173576,CF
920,NYY,Cory Gearrin,33,73,205,0.1,27.043535372490147,P
921,NYY,Domingo German,26,74,175,1.9,22.466216216216218,P
922,NYY,Chad Green,28,75,210,0.4,26.245333333333335,P
923,NYY,Didi Gregorius,29,75,205,0.3,25.620444444444445,SS
924,NYY,David Hale,31,74,210,0.8,26.95945945945946,P
925,NYY,J.A. Happ,36,77,205,1.3,24.306797099004893,P
926,NYY,Joe Harvey,27,74,235,0.0,30.16891891891892,P
927,NYY,Ben Heller,27,75,205,0.3,25.620444444444445,P
928,NYY,Aaron Hicks,29,73,202,1.3,26.647776318258586,CF
929,NYY,Kyle Higashioka,29,73,205,0.0,27.043535372490147,C
930,NYY,Jonathan Holder,26,74,235,-0.9,30.16891891891892,P
931,NYY,Aaron Judge,27,79,282,5.5,31.765101746514983,RF
932,NYY,Tommy Kahnle,29,73,235,0.8,31.00112591480578,P
933,NYY,Mike King,24,75,210,0.0,26.245333333333335,P
934,NYY,Brady Lail,25,74,205,-0.2,26.31756756756757,P
935,NYY,DJ LeMahieu,30,76,215,5.9,26.167763157894736,2B
936,NYY,Jonathan Loaisiga,24,71,165,0.2,23.01031541360841,P
937,NYY,Tyler Lyons,31,76,210,0.1,25.55921052631579,P
938,NYY,Joe Mantiply,28,76,215,-0.1,26.167763157894736,P
939,NYY,Cameron Maybin,32,75,215,1.6,26.87022222222222,LF
940,NYY,Jordan Montgomery,26,78,225,-0.1,25.99852071005917,P
941,NYY,Kendrys Morales,36,73,242,-0.4,31.92456370801276,1B
942,NYY,Adam Ottavino,33,77,220,2.3,26.085343228200372,P
943,NYY,James Paxton,30,76,235,2.3,28.601973684210527,P
944,NYY,Austin Romine,30,73,220,0.6,29.022330643647965,C
945,NYY,Adonis Rosa,24,73,170,0.0,22.426346406455245,P
946,NYY,CC Sabathia,38,78,300,0.4,34.6646942800789,P
947,NYY,Gary Sanchez,26,74,230,3.1,29.527027027027028,C
948,NYY,Luis Severino,25,74,215,0.6,27.60135135135135,P
949,NYY,Giancarlo Stanton,29,78,245,0.4,28.309500328731097,LF
950,NYY,Masahiro Tanaka,30,75,215,1.9,26.87022222222222,P
951,NYY,Stephen Tarpley,26,73,235,-0.5,31.00112591480578,P
952,NYY,Mike Tauchman,28,74,220,3.8,28.243243243243242,LF
953,NYY,Gleyber Torres,22,73,200,3.1,26.383936948770877,SS
954,NYY,Troy Tulowitzki,34,75,205,0.1,25.620444444444445,SS
955,NYY,Gio Urshela,27,72,220,3.9,29.834104938271604,3B
956,NYY,Breyvic Valera,27,71,160,0.0,22.31303312834755,2B
957,NYY,Luke Voit,28,75,225,1.4,28.12,1B
958,NYY,Tyler Wade,24,73,185,0.3,24.40514167761306,2B
959,OAK,Brett Anderson,31,76,230,2.8,27.99342105263158,P
960,OAK,Tanner Anderson,26,74,203,-0.2,26.06081081081081,P
961,OAK,Homer Bailey,33,76,223,0.9,27.14144736842105,P
962,OAK,Franklin Barreto,23,70,200,-0.3,28.693877551020407,2B
963,OAK,Chris Bassitt,30,77,220,1.9,26.085343228200372,P
964,OAK,Paul Blackburn,25,73,200,-0.5,26.383936948770877,P
965,OAK,Skye Bolt,25,74,187,-0.1,24.006756756756758,CF
966,OAK,Aaron Brooks,29,76,230,0.1,27.99342105263158,P
967,OAK,Seth Brown,26,75,220,0.8,27.49511111111111,LF
968,OAK,Ryan Buchter,32,76,232,1.0,28.236842105263158,P
969,OAK,Mark Canha,30,74,212,4.3,27.216216216216218,CF
970,OAK,Matt Chapman,26,72,220,8.3,29.834104938271604,3B
971,OAK,Khris Davis,31,71,203,-0.3,28.309660781590953,LF
972,OAK,Jake Diekman,32,76,200,0.0,24.342105263157894,P
973,OAK,Ryan Dull,29,69,185,-0.5,27.31674018063432,P
974,OAK,Marco Estrada,35,72,180,-0.4,24.40972222222222,P
975,OAK,Mike Fiers,34,74,202,3.0,25.93243243243243,P
976,OAK,Dustin Garneau,31,74,205,0.3,26.31756756756757,C
977,OAK,Robbie Grossman,29,72,215,1.0,29.156057098765434,LF
978,OAK,Liam Hendriks,30,72,225,3.5,30.51215277777778,P
979,OAK,Chris Herrmann,31,72,200,-0.3,27.121913580246915,C
980,OAK,Nick Hundley,35,72,203,-0.4,27.528742283950617,C
981,OAK,Corban Joseph,30,72,185,-0.1,25.087770061728396,2B
982,OAK,Ramon Laureano,24,71,200,3.6,27.891291410434437,CF
983,OAK,Jesus Luzardo,21,72,209,0.6,28.342399691358025,P
984,OAK,Sean Manaea,27,77,245,1.5,29.049586776859503,P
985,OAK,Nick Martini,29,71,205,0.0,28.5885736956953,LF
986,OAK,Daniel Mengden,26,73,225,0.3,29.681929067367236,P
987,OAK,Frankie Montas,26,74,245,2.4,31.4527027027027,P
988,OAK,Kendrys Morales,36,73,242,-0.6,31.92456370801276,1B
989,OAK,Sean Murphy,24,75,232,0.6,28.994844444444446,C
990,OAK,Sheldon Neuse,24,72,218,0.2,29.562885802469136,2B
991,OAK,Matt Olson,25,77,230,5.4,27.271040647664023,1B
992,OAK,Yusmeiro Petit,34,73,255,2.3,33.639519609682864,P
993,OAK,Josh Phegley,31,70,225,0.3,32.28061224489796,C
994,OAK,Chad Pinder,27,74,207,1.4,26.574324324324323,LF
995,OAK,Stephen Piscotty,28,76,205,0.8,24.950657894736842,RF
996,OAK,Jurickson Profar,26,72,190,0.3,25.765817901234566,2B
997,OAK,A.J. Puk,24,79,238,0.2,26.808844736420447,P
998,OAK,Tanner Roark,32,74,240,0.5,30.81081081081081,P
999,OAK,Fernando Rodney,42,71,240,-0.5,33.469549692521326,P
1000,OAK,Brian Schlitter,33,75,238,0.1,29.744711111111112,P
1001,OAK,Marcus Semien,28,72,195,8.9,26.44386574074074,SS
1002,OAK,Joakim Soria,35,75,200,0.4,24.995555555555555,P
1003,OAK,Beau Taylor,29,71,205,0.0,28.5885736956953,C
1004,OAK,Blake Treinen,31,77,225,-0.3,26.678191937932198,P
1005,OAK,Lou Trivino,27,77,240,-0.8,28.456738067127677,P
1006,OAK,Wei-Chung Wang,27,73,160,0.5,21.1071495590167,P
1007,OAK,J.B. Wendelken,26,73,240,0.4,31.66072433852505,P
1008,PHI,Aaron Altherr,28,77,215,-0.5,25.492494518468543,CF
1009,PHI,Jose Alvarez,30,71,180,0.8,25.102162269390995,P
1010,PHI,Drew Anderson,25,75,185,-0.1,23.12088888888889,P
1011,PHI,Victor Arano,24,74,200,0.0,25.675675675675677,P
1012,PHI,Jake Arrieta,33,76,225,0.9,27.38486842105263,P
1013,PHI,Rob Brantly,29,73,195,0.0,25.724338525051603,
1014,PHI,Jay Bruce,32,75,225,0.3,28.12,LF
1015,PHI,Dylan Cozens,25,78,235,0.0,27.154010519395136,
1016,PHI,Austin Davis,26,76,245,-0.1,29.81907894736842,P
1017,PHI,Enyel De Los Santos,23,75,170,-0.2,21.246222222222222,P
1018,PHI,Corey Dickerson,30,73,210,0.3,27.70313379620942,LF
1019,PHI,Seranthony Dominguez,24,73,185,0.0,24.40514167761306,P
1020,PHI,Zach Eflin,25,78,215,1.6,24.843030900723207,P
1021,PHI,Jerad Eickhoff,28,76,245,-0.2,29.81907894736842,P
1022,PHI,Maikel Franco,26,73,215,-0.6,28.36273221992869,3B
1023,PHI,Edgar Garcia,22,73,180,-0.1,23.74554325389379,P
1024,PHI,Phil Gosselin,30,73,200,-0.4,26.383936948770877,LF
1025,PHI,Deivy Grullon,23,73,180,-0.2,23.74554325389379,C
1026,PHI,J.D. Hammer,24,75,215,0.3,26.87022222222222,P
1027,PHI,Bryce Harper,26,75,220,4.3,27.49511111111111,RF
1028,PHI,Adam Haseley,23,73,195,1.8,25.724338525051603,CF
1029,PHI,Cesar Hernandez,29,70,160,1.6,22.955102040816328,2B
1030,PHI,Odubel Herrera,27,71,200,-0.5,27.891291410434437,CF
1031,PHI,Rhys Hoskins,26,76,225,1.6,27.38486842105263,1B
1032,PHI,Jared Hughes,33,79,240,0.3,27.034129145970198,P
1033,PHI,Tommy Hunter,32,75,250,0.2,31.244444444444444,P
1034,PHI,Cole Irvin,25,76,180,-0.2,21.907894736842106,P
1035,PHI,Scott Kingery,25,70,180,2.8,25.824489795918367,CF
1036,PHI,Andrew Knapp,27,73,195,0.1,25.724338525051603,C
1037,PHI,Andrew McCutchen,32,71,195,1.6,27.194009125173576,LF
1038,PHI,Brad Miller,29,74,215,1.0,27.60135135135135,3B
1039,PHI,Adam Morgan,29,73,200,0.4,26.383936948770877,P
1040,PHI,Mike Morin,28,76,220,-0.3,26.776315789473685,P
1041,PHI,Logan Morrison,31,75,245,-0.1,30.619555555555557,1B
1042,PHI,Hector Neris,30,74,215,1.8,27.60135135135135,P
1043,PHI,Pat Neshek,38,75,220,-0.1,27.49511111111111,P
1044,PHI,Juan Nicasio,32,76,252,-0.1,30.67105263157895,P
1045,PHI,Aaron Nola,26,74,195,4.2,25.033783783783782,P
1046,PHI,Blake Parker,34,75,225,0.0,28.12,P
1047,PHI,Jose Pirela,29,72,220,0.1,29.834104938271604,LF
1048,PHI,Nick Pivetta,26,77,220,-0.5,26.085343228200372,P
1049,PHI,Roman Quinn,26,70,170,-0.2,24.389795918367348,CF
1050,PHI,Edubray Ramos,26,72,160,-0.1,21.69753086419753,P
1051,PHI,J.T. Realmuto,28,73,210,4.5,27.70313379620942,C
1052,PHI,Yacksel Rios,26,75,215,-0.3,26.87022222222222,P
1053,PHI,David Robertson,34,71,195,0.0,27.194009125173576,P
1054,PHI,Sean Rodriguez,34,72,200,0.6,27.121913580246915,3B
1055,PHI,Fernando Salas,34,74,200,0.0,25.675675675675677,P
1056,PHI,Jean Segura,29,70,205,1.5,29.41122448979592,SS
1057,PHI,Drew Smyly,30,75,190,0.3,23.74577777777778,P
1058,PHI,Ranger Suarez,23,73,180,0.9,23.74554325389379,P
1059,PHI,Jason Vargas,36,72,215,-0.5,29.156057098765434,P
1060,PHI,Vince Velasquez,27,75,205,0.7,25.620444444444445,P
1061,PHI,Nick Vincent,32,72,185,0.6,25.087770061728396,P
1062,PHI,Mitch Walding,26,75,190,-0.1,23.74577777777778,
1063,PHI,Nick Williams,25,75,195,-1.2,24.370666666666665,LF
1064,PIT,Dario Agrazal,24,74,240,0.6,30.81081081081081,P
1065,PIT,Chris Archer,30,74,195,0.9,25.033783783783782,P
1066,PIT,Steven Baron,28,72,205,-0.1,27.799961419753085,C
1067,PIT,Josh Bell,26,76,250,2.7,30.42763157894737,1B
1068,PIT,Steven Brault,27,72,195,1.4,26.44386574074074,P
1069,PIT,Nick Burdi,26,75,225,-0.4,28.12,P
1070,PIT,Melky Cabrera,34,70,210,-1.3,30.12857142857143,RF
1071,PIT,Francisco Cervelli,33,73,210,-0.1,27.70313379620942,C
1072,PIT,Kyle Crick,26,76,220,-0.2,26.776315789473685,P
1073,PIT,Rookie Davis,26,77,255,-0.1,30.235284196323157,P
1074,PIT,Elias Diaz,28,73,220,-1.0,29.022330643647965,C
1075,PIT,Corey Dickerson,30,73,210,0.5,27.70313379620942,LF
1076,PIT,Montana DuRapau,27,70,190,-0.8,27.259183673469387,P
1077,PIT,Jake Elmore,32,70,180,-0.5,25.824489795918367,LF
1078,PIT,Luis Escobar,23,73,205,-0.1,27.043535372490147,P
1079,PIT,Michael Feliz,26,76,240,0.7,29.210526315789473,P
1080,PIT,Adam Frazier,27,70,185,2.0,26.541836734693877,2B
1081,PIT,Erik Gonzalez,27,75,205,0.5,25.620444444444445,SS
1082,PIT,Geoff Hartlieb,25,77,235,-0.8,27.863889357395852,P
1083,PIT,Clay Holmes,26,77,225,-0.5,26.678191937932198,P
1084,PIT,Williams Jerez,27,76,205,-0.1,24.950657894736842,P
1085,PIT,Corban Joseph,30,72,185,-0.1,25.087770061728396,2B
1086,PIT,Jung Ho Kang,32,72,210,-0.7,28.47800925925926,3B
1087,PIT,Keone Kela,26,73,220,1.2,29.022330643647965,P
1088,PIT,Mitch Keller,23,74,210,-1.0,26.95945945945946,P
1089,PIT,Nick Kingham,27,77,235,-1.5,27.863889357395852,P
1090,PIT,Kevin Kramer,25,72,195,-0.5,26.44386574074074,LF
1091,PIT,Francisco Liriano,35,75,218,1.1,27.245155555555556,P
1092,PIT,Jordan Lyles,28,77,230,0.1,27.271040647664023,P
1093,PIT,Tyler Lyons,31,76,210,-0.4,25.55921052631579,P
1094,PIT,Parker Markel,28,77,240,-0.1,28.456738067127677,P
1095,PIT,Starling Marte,30,73,190,2.9,25.064740101332333,CF
1096,PIT,Jason Martin,23,69,185,-0.3,27.31674018063432,LF
1097,PIT,James Marvel,25,76,225,-0.4,27.38486842105263,P
1098,PIT,Alex McRae,26,74,220,-1.0,28.243243243243242,P
1099,PIT,Colin Moran,26,76,205,-1.1,24.950657894736842,3B
1100,PIT,Joe Musgrove,26,77,235,1.8,27.863889357395852,P
1101,PIT,Dovydas Neverauskas,26,75,220,-0.4,27.49511111111111,P
1102,PIT,Kevin Newman,25,72,200,3.1,27.121913580246915,SS
1103,PIT,Jose Osuna,26,74,240,-0.1,30.81081081081081,1B
1104,PIT,Gregory Polanco,27,77,235,-0.6,27.863889357395852,RF
1105,PIT,Yefry Ramirez,25,74,215,-0.4,27.60135135135135,P
1106,PIT,Pablo Reyes,25,68,175,-1.0,26.60575259515571,LF
1107,PIT,Bryan Reynolds,24,75,205,4.1,25.620444444444445,LF
1108,PIT,Yacksel Rios,26,75,215,0.0,26.87022222222222,P
1109,PIT,Richard Rodriguez,29,76,218,0.9,26.532894736842106,P
1110,PIT,JB Shuck,32,71,195,0.1,27.194009125173576,RF
1111,PIT,Jacob Stallings,29,76,220,1.6,26.776315789473685,C
1112,PIT,Chris Stratton,28,74,211,0.6,27.08783783783784,P
1113,PIT,Jameson Taillon,27,77,230,0.3,27.271040647664023,P
1114,PIT,Cole Tucker,22,75,205,0.2,25.620444444444445,SS
1115,PIT,Felipe Vazquez,27,74,225,2.9,28.885135135135137,P
1116,PIT,Wei-Chung Wang,27,73,160,0.0,21.1071495590167,P
1117,PIT,Trevor Williams,27,75,230,0.7,28.744888888888887,P
1118,SDP,Austin Allen,25,74,220,-0.4,28.243243243243242,C
1119,SDP,Logan Allen,22,75,200,-0.4,24.995555555555555,P
1120,SDP,Pedro Avila,22,71,190,0.3,26.496726839912714,P
1121,SDP,Michel Báez,23,80,220,0.6,24.165625,P
1122,SDP,David Bednar,24,73,220,-0.2,29.022330643647965,P
1123,SDP,Ronald Bolanos,22,75,220,-0.1,27.49511111111111,P
1124,SDP,Jose Castillo,23,77,246,0.0,29.16815651880587,P
1125,SDP,Franchy Cordero,24,75,175,0.2,21.871111111111112,CF
1126,SDP,Miguel Diaz,24,72,214,-0.1,29.020447530864196,P
1127,SDP,Alex Dickerson,29,75,235,-0.3,29.369777777777777,LF
1128,SDP,Carl Edwards Jr.,27,75,170,-0.2,21.246222222222222,P
1129,SDP,Robbie Erlin,28,72,190,-0.5,25.765817901234566,P
1130,SDP,Ty France,24,72,205,-0.3,27.799961419753085,3B
1131,SDP,Greg Garcia,29,72,190,0.9,25.765817901234566,2B
1132,SDP,Javy Guerra,23,71,155,0.0,21.61575084308669,P
1133,SDP,Austin Hedges,26,73,206,-0.7,27.175455057234004,C
1134,SDP,Eric Hosmer,29,76,225,-0.2,27.38486842105263,1B
1135,SDP,Travis Jankowski,28,74,185,-0.1,23.75,CF
1136,SDP,Ian Kinsler,37,72,200,-0.4,27.121913580246915,2B
1137,SDP,Dinelson Lamet,26,76,187,0.6,22.75986842105263,P
1138,SDP,Eric Lauer,24,75,205,1.1,25.620444444444445,P
1139,SDP,Aaron Loup,31,71,210,0.2,29.28585598095616,P
1140,SDP,Joey Lucchesi,26,77,204,2.0,24.188227357058526,P
1141,SDP,Manny Machado,26,75,215,2.6,26.87022222222222,3B
1142,SDP,Nick Margevicius,23,77,220,-0.8,26.085343228200372,P
1143,SDP,Manuel Margot,24,71,180,1.8,25.102162269390995,CF
1144,SDP,Nick Martini,29,71,205,-0.1,28.5885736956953,LF
1145,SDP,Phil Maton,26,75,220,-0.5,27.49511111111111,P
1146,SDP,Francisco Mejia,23,70,180,0.6,25.824489795918367,C
1147,SDP,Seth Mejias-Brean,28,74,216,0.4,27.72972972972973,1B
1148,SDP,Adrián Morejón,20,72,175,-0.3,23.73167438271605,P
1149,SDP,Andres Munoz,20,74,165,0.2,21.18243243243243,P
1150,SDP,Wil Myers,28,75,205,-0.4,25.620444444444445,LF
1151,SDP,Josh Naylor,22,71,250,0.0,34.86411426304305,LF
1152,SDP,Chris Paddack,23,76,195,2.7,23.73355263157895,P
1153,SDP,Luis Perdomo,26,74,185,0.7,23.75,P
1154,SDP,Jose Pirela,29,72,220,-0.2,29.834104938271604,LF
1155,SDP,Cal Quantrill,24,75,208,0.4,25.99537777777778,P
1156,SDP,Hunter Renfroe,27,73,220,2.7,29.022330643647965,RF
1157,SDP,Franmil Reyes,23,77,275,0.3,32.606679035250465,RF
1158,SDP,Gerardo Reyes,26,71,160,-0.5,22.31303312834755,P
1159,SDP,Garrett Richards,31,75,210,-0.3,26.245333333333335,P
1160,SDP,Craig Stammen,35,76,230,1.1,27.99342105263158,P
1161,SDP,Robert Stock,29,73,214,-0.8,28.23081253518484,P
1162,SDP,Matt Strahm,27,75,185,1.3,23.12088888888889,P
1163,SDP,Fernando Tatis Jr.,20,75,185,4.1,23.12088888888889,SS
1164,SDP,Luis Torrens,23,72,175,0.0,23.73167438271605,C
1165,SDP,Luis Urias,22,69,185,0.6,27.31674018063432,SS
1166,SDP,Adam Warren,31,73,224,-0.2,29.550009382623383,P
1167,SDP,Brad Wieck,27,81,255,-0.6,27.3228166438043,P
1168,SDP,Trey Wingenter,25,79,200,-0.4,22.528440954975164,P
1169,SDP,Matt Wisler,26,75,215,-0.1,26.87022222222222,P
1170,SDP,Eric Yardley,28,72,165,0.2,22.375578703703702,P
1171,SDP,Kirby Yates,32,70,210,3.0,30.12857142857143,P
1172,SEA,Austin Adams,28,75,225,0.6,28.12,P
1173,SEA,R.J. Alaniz,28,76,219,-0.4,26.654605263157894,P
1174,SEA,Dan Altavilla,26,71,200,0.0,27.891291410434437,P
1175,SEA,Shawn Armstrong,28,74,225,-0.3,28.885135135135137,P
1176,SEA,Anthony Bass,31,74,200,1.0,25.675675675675677,P
1177,SEA,Gerson Bautista,24,75,195,-0.3,24.370666666666665,P
1178,SEA,Tim Beckham,29,73,205,0.2,27.043535372490147,SS
1179,SEA,Jesse Biddle,27,77,220,-0.5,26.085343228200372,P
1180,SEA,Braden Bishop,25,73,190,-0.4,25.064740101332333,CF
1181,SEA,Chasen Bradford,29,73,225,0.1,29.681929067367236,P
1182,SEA,Brandon Brennan,27,76,220,0.5,26.776315789473685,P
1183,SEA,Keon Broxton,29,75,195,-0.2,24.370666666666665,CF
1184,SEA,Jay Bruce,32,75,225,0.3,28.12,RF
1185,SEA,Matt Carasiti,27,75,210,0.0,26.245333333333335,P
1186,SEA,Ryan Court,31,74,210,-0.2,26.95945945945946,1B
1187,SEA,J.P. Crawford,24,74,180,1.1,23.10810810810811,SS
1188,SEA,Justin Dunn,23,74,185,0.2,23.75,P
1189,SEA,Roenis Elias,30,73,205,0.0,27.043535372490147,P
1190,SEA,Edwin Encarnacion,36,73,230,2.2,30.34152749108651,1B
1191,SEA,Matt Festa,26,74,195,-0.1,25.033783783783782,P
1192,SEA,Jake Fraley,24,72,195,-0.9,26.44386574074074,CF
1193,SEA,David Freitas,30,75,225,0.0,28.12,C
1194,SEA,Ryan Garton,29,70,190,-0.1,27.259183673469387,P
1195,SEA,Cory Gearrin,33,73,205,0.7,27.043535372490147,P
1196,SEA,Marco Gonzales,27,73,195,3.6,25.724338525051603,P
1197,SEA,Dee Gordon,31,71,170,0.8,23.70759769886927,2B
1198,SEA,Zac Grotz,26,74,195,0.2,25.033783783783782,P
1199,SEA,Taylor Guilbeau,26,76,180,0.2,21.907894736842106,P
1200,SEA,Mitch Haniger,28,74,215,1.3,27.60135135135135,RF
1201,SEA,Ryon Healy,27,77,225,0.0,26.678191937932198,3B
1202,SEA,Felix Hernandez,33,75,225,-0.7,28.12,P
1203,SEA,Yusei Kikuchi,28,72,194,0.6,26.308256172839506,P
1204,SEA,Mike Leake,31,70,170,1.9,24.389795918367348,P
1205,SEA,Wade LeBlanc,34,75,205,0.4,25.620444444444445,P
1206,SEA,Kyle Lewis,23,76,210,0.3,25.55921052631579,RF
1207,SEA,Shed Long,23,68,184,-0.1,27.974048442906575,2B
1208,SEA,Tim Lopes,25,71,180,0.9,25.102162269390995,LF
1209,SEA,Matt Magill,29,75,210,0.4,26.245333333333335,P
1210,SEA,Parker Markel,28,77,240,-0.3,28.456738067127677,P
1211,SEA,Reggie McClain,26,74,180,0.0,23.10810810810811,P
1212,SEA,David McKay,24,75,205,0.0,25.620444444444445,P
1213,SEA,Tommy Milone,32,72,215,1.5,29.156057098765434,P
1214,SEA,Andrew Moore,25,72,195,-0.1,26.44386574074074,P
1215,SEA,Dylan Moore,26,72,200,0.0,27.121913580246915,SS
1216,SEA,Tom Murphy,28,73,218,2.7,28.758491274160257,C
1217,SEA,Omar Narvaez,27,71,220,2.3,30.68042055147788,C
1218,SEA,Kristopher Negron,33,72,190,0.1,25.765817901234566,RF
1219,SEA,Austin Nola,29,72,195,1.4,26.44386574074074,1B
1220,SEA,Zac Rosscup,31,74,220,0.0,28.243243243243242,P
1221,SEA,Nick Rumbelow,27,72,190,-0.3,25.765817901234566,P
1222,SEA,Connor Sadzeck,27,79,240,0.4,27.034129145970198,P
1223,SEA,Domingo Santana,26,77,220,0.5,26.085343228200372,LF
1224,SEA,Tayler Scott,27,75,185,-0.3,23.12088888888889,P
1225,SEA,Kyle Seager,31,72,210,2.8,28.47800925925926,3B
1226,SEA,Justus Sheffield,23,72,200,0.2,27.121913580246915,P
1227,SEA,Mallex Smith,26,70,180,-0.1,25.824489795918367,CF
1228,SEA,Hunter Strickland,30,75,225,-0.2,28.12,P
1229,SEA,Ichiro Suzuki,45,71,175,-0.1,24.404879984130133,RF
1230,SEA,Erik Swanson,25,75,235,-0.3,29.369777777777777,P
1231,SEA,Anthony Swarzak,33,76,215,-0.3,26.167763157894736,P
1232,SEA,Sam Tuivailala,26,75,225,0.8,28.12,P
1233,SEA,Daniel Vogelbach,26,72,250,1.2,33.90239197530864,1B
1234,SEA,Donovan Walton,25,70,184,0.1,26.398367346938777,SS
1235,SEA,Art Warren,26,75,230,0.3,28.744888888888887,P
1236,SEA,Mac Williamson,28,76,237,0.0,28.845394736842106,LF
1237,SEA,Matt Wisler,26,75,215,-0.3,26.87022222222222,P
1238,SEA,Mike Wright,29,78,215,-0.2,24.843030900723207,P
1239,SFG,Fernando Abad,33,73,220,0.1,29.022330643647965,P
1240,SFG,Cristhian Adames,27,72,185,0.2,25.087770061728396,2B
1241,SFG,Aaron Altherr,28,77,215,0.0,25.492494518468543,
1242,SFG,Shaun Anderson,24,76,225,-0.5,27.38486842105263,P
1243,SFG,Tyler Austin,27,74,220,0.3,28.243243243243242,LF
1244,SFG,Abiatal Avelino,24,71,195,0.0,27.194009125173576,SS
1245,SFG,Kyle Barraclough,29,75,225,0.2,28.12,P
1246,SFG,Tyler Beede,26,75,211,0.0,26.37031111111111,P
1247,SFG,Brandon Belt,31,76,235,0.8,28.601973684210527,1B
1248,SFG,Travis Bergen,25,73,205,-0.1,27.043535372490147,P
1249,SFG,Ty Blach,28,73,213,-0.3,28.098892850440983,P
1250,SFG,Ray Black,29,77,225,0.0,26.678191937932198,P
1251,SFG,Madison Bumgarner,29,76,242,2.9,29.45394736842105,P
1252,SFG,Sam Coonrod,26,74,225,0.4,28.885135135135137,P
1253,SFG,Brandon Crawford,32,74,227,0.2,29.14189189189189,SS
1254,SFG,Johnny Cueto,33,71,229,0.0,31.93552866494743,P
1255,SFG,Jaylin Davis,24,73,190,-0.4,25.064740101332333,RF
1256,SFG,Alex Dickerson,29,75,235,1.0,29.369777777777777,LF
1257,SFG,Mauricio Dubon,24,72,160,0.5,21.69753086419753,2B
1258,SFG,Steven Duggar,25,74,189,-0.1,24.263513513513512,CF
1259,SFG,Sam Dyson,31,73,212,1.2,27.96697316569713,P
1260,SFG,Enderson Franco,26,74,180,0.1,23.10810810810811,P
1261,SFG,Aramis Garcia,26,74,220,-0.3,28.243243243243242,C
1262,SFG,Scooter Gennett,29,70,185,-0.2,26.541836734693877,2B
1263,SFG,Mike Gerber,26,72,190,-0.5,25.765817901234566,LF
1264,SFG,Trevor Gott,26,72,185,0.2,25.087770061728396,P
1265,SFG,Zach Green,25,75,210,-0.1,26.245333333333335,3B
1266,SFG,Jandel Gustave,26,74,210,0.2,26.95945945945946,P
1267,SFG,Derek Holland,32,74,213,-0.9,27.344594594594593,P
1268,SFG,Williams Jerez,27,76,205,0.2,24.950657894736842,P
1269,SFG,Connor Joe,26,72,205,-0.1,27.799961419753085,LF
1270,SFG,Corban Joseph,30,72,185,-0.2,25.087770061728396,2B
1271,SFG,Erik Kratz,39,76,250,-0.2,30.42763157894737,C
1272,SFG,Evan Longoria,33,73,215,2.5,28.36273221992869,3B
1273,SFG,Mark Melancon,34,74,215,0.6,27.60135135135135,P
1274,SFG,Conner Menez,24,75,205,0.0,25.620444444444445,P
1275,SFG,Reyes Moronta,26,71,241,1.3,33.609006149573496,P
1276,SFG,Joe Panik,28,73,200,-0.8,26.383936948770877,2B
1277,SFG,Gerardo Parra,32,71,210,0.2,29.28585598095616,LF
1278,SFG,Wandy Peralta,27,72,220,0.2,29.834104938271604,P
1279,SFG,Kevin Pillar,30,72,210,1.3,28.47800925925926,CF
1280,SFG,Drew Pomeranz,30,78,240,-0.5,27.731755424063117,P
1281,SFG,Buster Posey,32,73,210,0.9,27.70313379620942,C
1282,SFG,Michael Reed,26,72,215,-0.3,29.156057098765434,LF
1283,SFG,Joey Rickard,28,73,185,0.0,24.40514167761306,LF
1284,SFG,Dereck Rodriguez,27,73,215,-1.3,28.36273221992869,P
1285,SFG,Tyler Rogers,28,77,187,0.7,22.172541743970314,P
1286,SFG,Jeff Samardzija,34,77,240,3.0,28.456738067127677,P
1287,SFG,Pablo Sandoval,32,71,268,1.6,37.37433048998215,3B
1288,SFG,Sam Selman,28,75,190,0.1,23.74577777777778,P
1289,SFG,Chris Shaw,25,75,226,-0.4,28.244977777777777,1B
1290,SFG,Austin Slater,26,74,197,0.6,25.29054054054054,RF
1291,SFG,Burch Smith,29,76,225,0.2,27.38486842105263,P
1292,SFG,Will Smith,29,77,248,2.2,29.4052960026986,P
1293,SFG,Donovan Solano,31,70,205,1.4,29.41122448979592,2B
1294,SFG,Yangervis Solarte,31,71,205,-0.4,28.5885736956953,2B
1295,SFG,Andrew Suarez,26,72,187,-0.3,25.358989197530864,P
1296,SFG,Pat Venditte,34,73,185,-0.2,24.40514167761306,P
1297,SFG,Nick Vincent,32,72,185,-0.3,25.087770061728396,P
1298,SFG,Stephen Vogt,34,72,225,1.2,30.51215277777778,C
1299,SFG,Tony Watson,34,75,218,0.2,27.245155555555556,P
1300,SFG,Logan Webb,22,74,220,0.0,28.243243243243242,P
1301,SFG,Mac Williamson,28,76,237,-0.5,28.845394736842106,LF
1302,SFG,Mike Yastrzemski,28,71,180,2.8,25.102162269390995,LF
1303,STL,Randy Arozarena,24,71,170,0.3,23.70759769886927,RF
1304,STL,Harrison Bader,25,72,195,2.1,26.44386574074074,CF
1305,STL,John Brebbia,29,73,185,0.8,24.40514167761306,P
1306,STL,Genesis Cabrera,22,74,190,-0.5,24.39189189189189,P
1307,STL,Matt Carpenter,33,75,205,1.2,25.620444444444445,3B
1308,STL,Paul DeJong,25,72,200,5.3,27.121913580246915,SS
1309,STL,Tommy Edman,24,70,180,3.9,25.824489795918367,3B
1310,STL,Junior Fernandez,22,73,180,-0.2,23.74554325389379,P
1311,STL,Jack Flaherty,23,76,205,5.8,24.950657894736842,P
1312,STL,Dexter Fowler,33,77,195,1.5,23.12109967954124,RF
1313,STL,Giovanny Gallegos,27,74,210,2.1,26.95945945945946,P
1314,STL,John Gant,26,75,200,0.5,24.995555555555555,P
1315,STL,Paul Goldschmidt,31,75,225,2.4,28.12,1B
1316,STL,Luke Gregerson,35,75,205,-0.1,25.620444444444445,P
1317,STL,Jedd Gyorko,30,70,215,0.0,30.84591836734694,3B
1318,STL,Ryan Helsley,24,73,195,0.6,25.724338525051603,P
1319,STL,Jordan Hicks,22,74,185,0.5,23.75,P
1320,STL,Dakota Hudson,24,77,215,1.8,25.492494518468543,P
1321,STL,Joe Hudson,28,72,210,0.0,28.47800925925926,
1322,STL,Andrew Knizner,24,73,200,0.2,26.383936948770877,C
1323,STL,Dominic Leone,27,71,210,-0.5,29.28585598095616,P
1324,STL,Carlos Martinez,27,72,190,0.8,25.765817901234566,P
1325,STL,Jose Martinez,30,78,215,-0.4,24.843030900723207,RF
1326,STL,Mike Mayers,27,75,200,-0.3,24.995555555555555,P
1327,STL,Adalberto Mejia,26,75,195,-0.1,24.370666666666665,P
1328,STL,Miles Mikolas,30,77,220,1.5,26.085343228200372,P
1329,STL,Andrew Miller,34,79,205,-0.5,23.091651978849544,P
1330,STL,Yadier Molina,36,71,205,1.3,28.5885736956953,C
1331,STL,Yairo Munoz,24,73,201,-0.6,26.51585663351473,3B
1332,STL,Tyler O'Neill,24,71,210,0.2,29.28585598095616,LF
1333,STL,Marcell Ozuna,28,73,225,1.9,29.681929067367236,LF
1334,STL,Daniel Ponce de Leon,27,75,200,0.5,24.995555555555555,P
1335,STL,Rangel Ravelo,27,73,225,-0.2,29.681929067367236,1B
1336,STL,Alex Reyes,24,75,175,-0.4,21.871111111111112,P
1337,STL,Drew Robinson,27,73,200,-0.1,26.383936948770877,CF
1338,STL,Chasen Shreve,28,76,195,-0.1,23.73355263157895,P
1339,STL,Edmundo Sosa,23,71,170,0.0,23.70759769886927,2B
1340,STL,Lane Thomas,23,73,210,0.6,27.70313379620942,CF
1341,STL,Michael Wacha,27,78,215,0.1,24.843030900723207,P
1342,STL,Adam Wainwright,37,79,235,1.9,26.470918122095817,P
1343,STL,Tyler Webb,28,77,230,0.6,27.271040647664023,P
1344,STL,Matt Wieters,33,77,235,0.5,27.863889357395852,C
1345,STL,Kolten Wong,28,69,185,5.2,27.31674018063432,2B
1346,TBR,Willy Adames,23,72,205,4.2,27.799961419753085,SS
1347,TBR,Jesus Aguilar,29,75,250,0.2,31.244444444444444,1B
1348,TBR,Jose Alvarado,24,74,245,-0.3,31.4527027027027,P
1349,TBR,Nick Anderson,28,77,195,0.8,23.12109967954124,P
1350,TBR,Christian Arroyo,24,73,220,0.1,29.022330643647965,3B
1351,TBR,Anthony Banda,25,74,225,0.0,28.885135135135137,P
1352,TBR,Jalen Beeks,25,71,200,0.2,27.891291410434437,P
1353,TBR,Anthony Bemboom,29,74,200,0.0,25.675675675675677,C
1354,TBR,Mike Brosseau,25,70,215,0.6,30.84591836734694,2B
1355,TBR,Diego Castillo,25,75,250,0.5,31.244444444444444,P
1356,TBR,Yonny Chirinos,25,74,240,2.1,30.81081081081081,P
1357,TBR,Ji-Man Choi,28,73,250,2.0,32.9799211859636,1B
1358,TBR,Nick Ciuffo,24,72,200,-0.1,27.121913580246915,C
1359,TBR,Travis d'Arnaud,30,74,210,1.3,26.95945945945946,C
1360,TBR,Johnny Davis,29,70,180,-0.1,25.824489795918367,CF
1361,TBR,Jose De Leon,26,73,220,0.0,29.022330643647965,P
1362,TBR,Yandy Díaz,27,74,215,1.4,27.60135135135135,3B
1363,TBR,Oliver Drake,32,76,215,1.2,26.167763157894736,P
1364,TBR,Matt Duffy,28,74,190,0.1,24.39189189189189,3B
1365,TBR,Peter Fairbanks,25,78,219,-0.4,25.305226824457595,P
1366,TBR,Jake Faria,25,76,225,0.2,27.38486842105263,P
1367,TBR,Wilmer Font,29,76,250,-0.2,30.42763157894737,P
1368,TBR,Avisail Garcia,28,76,250,2.1,30.42763157894737,RF
1369,TBR,Ian Gibaut,25,75,250,0.0,31.244444444444444,P
1370,TBR,Tyler Glasnow,25,80,230,2.5,25.2640625,P
1371,TBR,Guillermo Heredia,28,70,195,0.3,27.976530612244897,CF
1372,TBR,Kevin Kiermaier,29,73,210,2.4,27.70313379620942,CF
1373,TBR,Andrew Kittredge,29,73,235,0.3,31.00112591480578,P
1374,TBR,Adam Kolarek,30,75,215,0.5,26.87022222222222,P
1375,TBR,Erik Kratz,39,76,250,-0.3,30.42763157894737,C
1376,TBR,Brandon Lowe,24,70,185,2.6,26.541836734693877,2B
1377,TBR,Nate Lowe,23,76,245,0.4,29.81907894736842,1B
1378,TBR,Brendan McKay,23,74,212,-0.1,27.216216216216218,P
1379,TBR,Austin Meadows,24,75,220,4.0,27.49511111111111,RF
1380,TBR,Hoby Milner,28,75,175,-0.1,21.871111111111112,P
1381,TBR,Charlie Morton,35,77,215,4.9,25.492494518468543,P
1382,TBR,Emilio Pagan,28,75,205,2.3,25.620444444444445,P
1383,TBR,Michael Perez,26,70,195,0.3,27.976530612244897,C
1384,TBR,Tommy Pham,31,73,215,3.8,28.36273221992869,LF
1385,TBR,Ricardo Pinto,25,72,195,-0.1,26.44386574074074,P
1386,TBR,Colin Poche,25,75,235,0.0,29.369777777777777,P
1387,TBR,Austin Pruitt,29,70,185,0.3,26.541836734693877,P
1388,TBR,Trevor Richards,26,74,190,0.6,24.39189189189189,P
1389,TBR,Daniel Robertson,25,71,200,-0.3,27.891291410434437,3B
1390,TBR,Chaz Roe,32,77,190,0.0,22.528250969809413,P
1391,TBR,Casey Sadler,28,75,205,0.5,25.620444444444445,P
1392,TBR,Aaron Slegers,26,82,245,0.0,25.614961332540155,P
1393,TBR,Blake Snell,26,76,215,1.4,26.167763157894736,P
1394,TBR,Eric Sogard,33,70,185,0.5,26.541836734693877,2B
1395,TBR,Ryne Stanek,27,76,225,0.8,27.38486842105263,P
1396,TBR,Cole Sulser,29,73,190,0.3,25.064740101332333,P
1397,TBR,Andrew Velazquez,24,68,170,-0.2,25.845588235294116,3B
1398,TBR,Joey Wendle,29,73,200,0.8,26.383936948770877,2B
1399,TBR,Kean Wong,24,71,185,0.0,25.799444554651856,2B
1400,TBR,Hunter Wood,25,73,175,0.4,23.085944830174515,P
1401,TBR,Ryan Yarbrough,27,77,210,1.3,24.899645808736718,P
1402,TBR,Mike Zunino,28,74,235,-0.2,30.16891891891892,C
1403,TEX,Kolby Allard,21,73,190,0.8,25.064740101332333,P
1404,TEX,Elvis Andrus,30,72,200,2.0,27.121913580246915,SS
1405,TEX,Jesse Biddle,27,77,220,-0.2,26.085343228200372,P
1406,TEX,Kyle Bird,26,74,175,-0.1,22.466216216216218,P
1407,TEX,Brock Burke,22,76,180,-0.1,21.907894736842106,P
1408,TEX,Asdrubal Cabrera,33,72,205,0.1,27.799961419753085,3B
1409,TEX,Willie Calhoun,24,68,187,0.6,28.43014705882353,LF
1410,TEX,David Carpenter,33,75,250,-0.1,31.244444444444444,P
1411,TEX,Jesse Chavez,35,74,175,0.8,22.466216216216218,P
1412,TEX,Shin-Soo Choo,36,71,210,1.5,29.28585598095616,RF
1413,TEX,Emmanuel Clase,21,74,206,0.9,26.445945945945947,P
1414,TEX,Delino DeShields,26,69,200,1.5,29.531611006091158,CF
1415,TEX,Kyle Dowdy,26,73,195,-0.4,25.724338525051603,P
1416,TEX,Peter Fairbanks,25,78,219,-0.3,25.305226824457595,P
1417,TEX,Luke Farrell,28,78,210,0.6,24.265285996055226,P
1418,TEX,Tim Federowicz,31,70,215,-0.5,30.84591836734694,C
1419,TEX,Logan Forsythe,32,73,205,-0.2,27.043535372490147,1B
1420,TEX,Joey Gallo,25,77,235,3.1,27.863889357395852,CF
1421,TEX,Ian Gibaut,25,75,250,0.2,31.244444444444444,P
1422,TEX,Jeanmar Gomez,31,75,215,-0.3,26.87022222222222,P
1423,TEX,Taylor Guerrieri,26,74,210,0.1,26.95945945945946,P
1424,TEX,Ronald Guzman,24,77,225,0.0,26.678191937932198,1B
1425,TEX,Taylor Hearn,24,77,210,-0.3,24.899645808736718,P
1426,TEX,Scott Heineman,26,73,215,-0.1,28.36273221992869,CF
1427,TEX,Jonathan Hernandez,22,74,175,0.3,22.466216216216218,P
1428,TEX,Wei-Chieh Huang,25,73,170,-0.1,22.426346406455245,P
1429,TEX,Ariel Jurado,23,73,180,-0.2,23.74554325389379,P
1430,TEX,Shawn Kelley,35,74,237,0.8,30.425675675675677,P
1431,TEX,Isiah Kiner-Falefa,24,70,176,-0.1,25.250612244897958,C
1432,TEX,Jose Leclerc,25,72,190,1.4,25.765817901234566,P
1433,TEX,Lance Lynn,32,77,280,7.5,33.19952774498229,P
1434,TEX,Brett Martin,24,76,190,0.6,23.125,P
1435,TEX,Chris Martin,33,80,215,1.5,23.61640625,P
1436,TEX,Jeff Mathis,36,72,205,-1.5,27.799961419753085,C
1437,TEX,Nomar Mazara,24,76,215,0.7,26.167763157894736,RF
1438,TEX,Yohander Mendez,24,77,200,0.0,23.713948389273064,P
1439,TEX,Shelby Miller,28,75,225,-0.9,28.12,P
1440,TEX,Mike Minor,31,76,210,7.7,25.55921052631579,P
1441,TEX,Rafael Montero,28,72,185,1.2,25.087770061728396,P
1442,TEX,Rougned Odor,25,71,195,0.0,27.194009125173576,2B
1443,TEX,Joe Palumbo,24,73,168,-0.2,22.162507036967536,P
1444,TEX,Pedro Payano,24,74,170,-0.1,21.824324324324323,P
1445,TEX,Hunter Pence,36,76,230,1.6,27.99342105263158,LF
1446,TEX,Adrian Sampson,27,74,210,1.1,26.95945945945946,P
1447,TEX,Danny Santana,28,71,185,2.0,25.799444554651856,1B
1448,TEX,Drew Smyly,30,75,190,-0.7,23.74577777777778,P
1449,TEX,Nick Solak,24,71,190,0.7,26.496726839912714,3B
1450,TEX,Jeffrey Springs,26,75,180,0.0,22.496,P
1451,TEX,Locke St. John,26,75,180,0.1,22.496,P
1452,TEX,Jose Trevino,26,71,211,0.0,29.42531243800833,C
1453,TEX,Phillips Valdez,27,74,160,0.4,20.54054054054054,P
1454,TEX,Edinson Volquez,35,72,220,0.1,29.834104938271604,P
1455,TEX,Patrick Wisdom,27,74,220,-0.3,28.243243243243242,1B
1456,TOR,Jason Adam,27,76,225,0.6,27.38486842105263,P
1457,TOR,Anthony Alford,24,73,215,-0.2,28.36273221992869,LF
1458,TOR,Joe Biagini,29,77,235,0.7,27.863889357395852,P
1459,TOR,Bo Bichette,21,72,185,2.3,25.087770061728396,SS
1460,TOR,Cavan Biggio,24,74,200,2.9,25.675675675675677,2B
1461,TOR,Ryan Borucki,25,76,215,-0.4,26.167763157894736,P
1462,TOR,Buddy Boshers,31,75,222,0.3,27.745066666666666,P
1463,TOR,Socrates Brito,26,74,220,-0.7,28.243243243243242,RF
1464,TOR,Clay Buchholz,34,75,190,-0.4,23.74577777777778,P
1465,TOR,Jimmy Cordero,27,76,222,0.0,27.019736842105264,P
1466,TOR,Jonathan Davis,27,68,190,-0.4,28.886245674740483,CF
1467,TOR,Yennsy Diaz,22,73,202,-0.1,26.647776318258586,P
1468,TOR,Brandon Drury,26,74,215,-1.2,27.60135135135135,3B
1469,TOR,Ryan Dull,29,69,185,0.0,27.31674018063432,P
1470,TOR,Ryan Feierabend,33,75,225,-0.2,28.12,P
1471,TOR,Derek Fisher,25,75,205,-0.2,25.620444444444445,LF
1472,TOR,Wilmer Font,29,76,250,0.9,30.42763157894737,P
1473,TOR,Freddy Galvis,29,70,185,2.4,26.541836734693877,SS
1474,TOR,Sam Gaviglio,29,74,205,0.7,26.31756756756757,P
1475,TOR,Ken Giles,28,75,210,2.5,26.245333333333335,P
1476,TOR,Zack Godley,29,75,240,0.3,29.994666666666667,P
1477,TOR,Randal Grichuk,27,74,213,0.4,27.344594594594593,RF
1478,TOR,Javy Guerra,33,73,216,0.2,28.494651904672548,P
1479,TOR,Vladimir Guerrero Jr.,20,74,250,1.5,32.0945945945946,3B
1480,TOR,Lourdes Gurriel Jr.,25,75,215,1.7,26.87022222222222,LF
1481,TOR,Alen Hanson,26,72,170,-0.5,23.053626543209877,2B
1482,TOR,Teoscar Hernandez,26,74,205,1.2,26.31756756756757,CF
1483,TOR,Daniel Hudson,32,75,225,1.1,28.12,P
1484,TOR,Edwin Jackson,35,74,215,-1.6,27.60135135135135,P
1485,TOR,Danny Jansen,24,74,230,1.1,29.527027027027028,C
1486,TOR,Anthony Kay,24,72,218,0.1,29.562885802469136,P
1487,TOR,Nick Kingham,27,77,235,0.6,27.863889357395852,P
1488,TOR,Derek Law,28,75,215,0.1,26.87022222222222,P
1489,TOR,Elvis Luciano,19,75,200,0.1,24.995555555555555,P
1490,TOR,Luke Maile,28,75,225,-0.5,28.12,C
1491,TOR,Tim Mayza,27,75,220,0.2,27.49511111111111,P
1492,TOR,Reese McGuire,24,72,215,1.0,29.156057098765434,C
1493,TOR,Billy McKinney,24,73,205,0.2,27.043535372490147,RF
1494,TOR,Thomas Pannone,25,72,200,-0.3,27.121913580246915,P
1495,TOR,David Phelps,32,75,200,0.3,24.995555555555555,P
1496,TOR,Kevin Pillar,30,72,210,-0.4,28.47800925925926,CF
1497,TOR,Neil Ramirez,30,76,215,0.0,26.167763157894736,P
1498,TOR,Sean Reid-Foley,23,75,220,0.1,27.49511111111111,P
1499,TOR,Clayton Richard,35,77,240,-0.2,28.456738067127677,P
1500,TOR,Jordan Romano,26,76,200,-0.4,24.342105263157894,P
1501,TOR,Zac Rosscup,31,74,220,-0.2,28.243243243243242,P
1502,TOR,Aaron Sanchez,26,76,210,-0.4,25.55921052631579,P
1503,TOR,Justin Shafer,26,74,195,0.4,25.033783783783782,P
1504,TOR,Matt Shoemaker,32,74,225,1.2,28.885135135135137,P
1505,TOR,Justin Smoak,32,76,220,0.3,26.776315789473685,1B
1506,TOR,Eric Sogard,33,70,185,2.1,26.541836734693877,2B
1507,TOR,Brock Stewart,27,75,215,-0.6,26.87022222222222,P
1508,TOR,Marcus Stroman,28,67,180,3.2,28.188906215192695,P
1509,TOR,Beau Taylor,29,71,205,0.0,28.5885736956953,C
1510,TOR,Rowdy Tellez,24,76,255,0.0,31.036184210526315,1B
1511,TOR,Ryan Tepera,31,73,195,0.1,25.724338525051603,P
1512,TOR,Trent Thornton,25,72,195,1.7,26.44386574074074,P
1513,TOR,Richard Urena,23,72,195,-0.2,26.44386574074074,SS
1514,TOR,Breyvic Valera,27,71,160,0.1,22.31303312834755,2B
1515,TOR,Jacob Waguespack,25,78,235,0.9,27.154010519395136,P
1516,TOR,T.J. Zeuch,23,79,225,0.3,25.34449607434706,P
1517,WAS,Austin Adams,28,75,225,0.0,28.12,P
1518,WAS,Matt Adams,30,75,245,0.1,30.619555555555557,1B
1519,WAS,Kyle Barraclough,29,75,225,-0.7,28.12,P
1520,WAS,Tres Barrera,24,72,215,-0.1,29.156057098765434,C
1521,WAS,Aaron Barrett,31,75,230,-0.2,28.744888888888887,P
1522,WAS,Michael Blazek,30,72,205,0.0,27.799961419753085,P
1523,WAS,James Bourque,25,76,215,-0.1,26.167763157894736,P
1524,WAS,Asdrubal Cabrera,33,72,205,0.6,27.799961419753085,2B
1525,WAS,Patrick Corbin,29,75,210,5.4,26.245333333333335,P
1526,WAS,Wilmer Difo,27,71,200,-1.1,27.891291410434437,SS
1527,WAS,Sean Doolittle,32,74,204,0.9,26.18918918918919,P
1528,WAS,Brian Dozier,32,71,200,0.6,27.891291410434437,2B
1529,WAS,Adam Eaton,30,69,176,1.5,25.98781768536022,RF
1530,WAS,Roenis Elias,30,73,205,-0.3,27.043535372490147,P
1531,WAS,Erick Fedde,26,76,195,1.0,23.73355263157895,P
1532,WAS,Yan Gomes,31,74,215,1.3,27.60135135135135,C
1533,WAS,Matt Grace,30,76,215,-0.5,26.167763157894736,P
1534,WAS,Javy Guerra,33,73,216,0.2,28.494651904672548,P
1535,WAS,Jeremy Hellickson,32,73,190,-0.3,25.064740101332333,P
1536,WAS,Daniel Hudson,32,75,225,0.9,28.12,P
1537,WAS,Dan Jennings,32,75,215,-0.5,26.87022222222222,P
1538,WAS,Howie Kendrick,35,71,220,2.5,30.68042055147788,1B
1539,WAS,Carter Kieboom,21,74,190,-1.0,24.39189189189189,SS
1540,WAS,Kyle McGowin,27,75,195,-0.5,24.370666666666665,P
1541,WAS,Justin Miller,32,75,215,0.2,26.87022222222222,P
1542,WAS,Jake Noll,25,74,195,-0.2,25.033783783783782,1B
1543,WAS,Gerardo Parra,32,71,210,0.4,29.28585598095616,RF
1544,WAS,Tanner Rainey,26,74,235,0.6,30.16891891891892,P
1545,WAS,Raudy Read,25,72,170,-0.2,23.053626543209877,C
1546,WAS,Anthony Rendon,29,73,200,6.4,26.383936948770877,3B
1547,WAS,Victor Robles,22,72,190,4.1,25.765817901234566,CF
1548,WAS,Fernando Rodney,42,71,240,0.4,33.469549692521326,P
1549,WAS,Trevor Rosenthal,29,74,230,-1.0,29.527027027027028,P
1550,WAS,Joe Ross,26,76,220,0.0,26.776315789473685,P
1551,WAS,Adrian Sanchez,28,72,216,-0.1,29.291666666666668,3B
1552,WAS,Anibal Sanchez,35,72,205,3.3,27.799961419753085,P
1553,WAS,Max Scherzer,34,75,215,5.7,26.87022222222222,P
1554,WAS,Tony Sipp,35,72,190,0.1,25.765817901234566,P
1555,WAS,Juan Soto,20,73,185,4.6,24.40514167761306,LF
1556,WAS,Andrew Stevenson,25,72,192,0.2,26.037037037037038,LF
1557,WAS,Stephen Strasburg,30,77,235,6.4,27.863889357395852,P
1558,WAS,Hunter Strickland,30,75,225,0.0,28.12,P
1559,WAS,Wander Suero,27,76,211,0.7,25.68092105263158,P
1560,WAS,Kurt Suzuki,35,71,210,0.3,29.28585598095616,C
1561,WAS,Michael A. Taylor,28,76,212,0.0,25.80263157894737,CF
1562,WAS,Trea Turner,26,74,185,3.3,23.75,SS
1563,WAS,Jonny Venters,34,75,200,-0.2,24.995555555555555,P
1564,WAS,Austin Voth,27,74,201,1.2,25.804054054054053,P
1565,WAS,Austen Williams,26,75,220,-0.3,27.49511111111111,P
1566,WAS,Ryan Zimmerman,34,75,215,0.2,26.87022222222222,1B
